date,close,open,high,low
2015-01-02,650.75,650.75,650.75,650.75
2015-01-05,640.0,640.0,640.0,640.0
2015-01-06,642.5,642.5,642.5,642.5
2015-01-07,650.0,650.0,650.0,650.0
2015-01-08,663.25,663.25,663.25,663.25
2015-01-09,661.25,661.25,661.25,661.25
2015-01-12,665.75,665.75,665.75,665.75
2015-01-13,658.25,658.25,658.25,658.25
2015-01-14,652.25,652.25,652.25,652.25
2015-01-15,659.75,659.75,659.75,659.75
2015-01-16,648.0,648.0,648.0,648.0
2015-01-20,646.25,646.25,646.25,646.25
2015-01-21,627.0,627.0,627.0,627.0
2015-01-22,621.5,621.5,621.5,621.5
2015-01-23,620.5,620.5,620.5,620.5
2015-01-26,601.75,601.75,601.75,601.75
2015-01-27,602.75,602.75,602.75,602.75
2015-01-28,610.75,610.75,610.75,610.75
2015-01-29,587.0,587.0,587.0,587.0
2015-01-30,592.25,592.25,592.25,592.25
2015-02-02,592.25,592.25,592.25,592.25
2015-02-03,592.25,592.25,592.25,592.25
2015-02-04,617.25,617.25,617.25,617.25
2015-02-05,646.5,646.5,646.5,646.5
2015-02-06,661.0,661.0,661.0,661.0
2015-02-09,651.0,651.0,651.0,651.0
2015-02-10,643.0,643.0,643.0,643.0
2015-02-11,634.25,634.25,634.25,634.25
2015-02-12,633.25,633.25,633.25,633.25
2015-02-13,639.5,639.5,639.5,639.5
2015-02-17,637.25,637.25,637.25,637.25
2015-02-18,639.25,639.25,639.25,639.25
2015-02-19,639.25,639.25,639.25,639.25
2015-02-20,639.25,639.25,639.25,639.25
2015-02-23,615.75,615.75,615.75,615.75
2015-02-24,621.5,621.5,621.5,621.5
2015-02-25,620.5,620.5,620.5,620.5
2015-02-26,631.5,631.5,631.5,631.5
2015-02-27,637.25,637.25,637.25,637.25
2015-03-02,653.25,653.25,653.25,653.25
2015-03-03,655.5,655.5,655.5,655.5
2015-03-04,651.5,651.5,651.5,651.5
2015-03-05,635.25,635.25,635.25,635.25
2015-03-06,627.0,627.0,627.0,627.0
2015-03-09,615.5,615.5,615.5,615.5
2015-03-10,605.5,605.5,605.5,605.5
2015-03-11,612.75,612.75,612.75,612.75
2015-03-12,607.5,607.5,607.5,607.5
2015-03-13,610.0,610.0,610.0,610.0
2015-03-16,592.5,592.5,592.5,592.5
2015-03-17,578.75,578.75,578.75,578.75
2015-03-18,592.75,592.75,592.75,592.75
2015-03-19,600.25,600.25,600.25,600.25
2015-03-20,581.0,581.0,581.0,581.0
2015-03-23,591.25,591.25,591.25,591.25
2015-03-24,587.75,587.75,587.75,587.75
2015-03-25,592.75,592.75,592.75,592.75
2015-03-26,596.0,596.0,596.0,596.0
2015-03-27,591.0,591.0,591.0,591.0
2015-03-30,590.75,590.75,590.75,590.75
2015-03-31,582.0,582.0,582.0,582.0
2015-04-01,584.25,584.25,584.25,584.25
2015-04-02,588.5,588.5,588.5,588.5
2015-04-03,588.5,588.5,588.5,588.5
2015-04-06,615.75,615.75,615.75,615.75
2015-04-07,608.5,608.5,608.5,608.5
2015-04-08,595.0,595.0,595.0,595.0
2015-04-09,585.0,585.0,585.0,585.0
2015-04-10,583.25,583.25,583.25,583.25
2015-04-13,576.25,576.25,576.25,576.25
2015-04-14,580.25,580.25,580.25,580.25
2015-04-15,581.5,581.5,581.5,581.5
2015-04-16,585.75,585.75,585.75,585.75
2015-04-17,591.0,591.0,591.0,591.0
2015-04-20,594.5,594.5,594.5,594.5
2015-04-21,595.75,595.75,595.75,595.75
2015-04-22,595.0,595.0,595.0,595.0
2015-04-23,594.5,594.5,594.5,594.5
2015-04-24,598.25,598.25,598.25,598.25
2015-04-27,591.75,591.75,591.75,591.75
2015-04-28,589.25,589.25,589.25,589.25
2015-04-29,584.0,584.0,584.0,584.0
2015-04-30,592.0,592.0,592.0,592.0
2015-05-01,592.0,592.0,592.0,592.0
2015-05-04,592.0,592.0,592.0,592.0
2015-05-05,598.0,598.0,598.0,598.0
2015-05-06,609.75,609.75,609.75,609.75
2015-05-07,605.75,605.75,605.75,605.75
2015-05-08,598.75,598.75,598.75,598.75
2015-05-11,608.5,608.5,608.5,608.5
2015-05-12,614.25,614.25,614.25,614.25
2015-05-13,610.0,610.0,610.0,610.0
2015-05-14,615.25,615.25,615.25,615.25
2015-05-18,610.75,610.75,610.75,610.75
2015-05-19,601.0,601.0,601.0,601.0
2015-05-20,593.25,593.25,593.25,593.25
2015-05-21,598.75,598.75,598.75,598.75
2015-05-22,594.5,594.5,594.5,594.5
2015-05-26,603.75,603.75,603.75,603.75
2015-05-27,598.75,598.75,598.75,598.75
2015-05-28,605.25,605.25,605.25,605.25
2015-05-29,607.75,607.75,607.75,607.75
2015-06-01,624.5,624.5,624.5,624.5
2015-06-02,625.5,625.5,625.5,625.5
2015-06-03,623.75,623.75,623.75,623.75
2015-06-04,626.5,626.5,626.5,626.5
2015-06-05,630.5,630.5,630.5,630.5
2015-06-08,620.25,620.25,620.25,620.25
2015-06-09,616.25,616.25,616.25,616.25
2015-06-10,609.75,609.75,609.75,609.75
2015-06-11,614.25,614.25,614.25,614.25
2015-06-12,608.5,608.5,608.5,608.5
2015-06-15,610.0,610.0,610.0,610.0
2015-06-16,611.0,611.0,611.0,611.0
2015-06-17,612.0,612.0,612.0,612.0
2015-06-18,599.0,599.0,599.0,599.0
2015-06-19,602.75,602.75,602.75,602.75
2015-06-22,595.0,595.0,595.0,595.0
2015-06-23,591.5,591.5,591.5,591.5
2015-06-24,604.75,604.75,604.75,604.75
2015-06-25,601.75,601.75,601.75,601.75
2015-06-26,605.25,605.25,605.25,605.25
2015-06-29,599.25,599.25,599.25,599.25
2015-06-30,588.75,588.75,588.75,588.75
2015-07-01,606.5,606.5,606.5,606.5
2015-07-02,601.25,601.25,601.25,601.25
2015-07-06,587.0,587.0,587.0,587.0
2015-07-07,580.0,580.0,580.0,580.0
2015-07-08,564.5,564.5,564.5,564.5
2015-07-09,575.25,575.25,575.25,575.25
2015-07-10,580.0,580.0,580.0,580.0
2015-07-13,578.25,578.25,578.25,578.25
2015-07-14,578.25,578.25,578.25,578.25
2015-07-15,577.75,577.75,577.75,577.75
2015-07-16,575.5,575.5,575.5,575.5
2015-07-17,575.5,575.5,575.5,575.5
2015-07-20,574.5,574.5,574.5,574.5
2015-07-21,582.5,582.5,582.5,582.5
2015-07-22,581.25,581.25,581.25,581.25
2015-07-23,575.0,575.0,575.0,575.0
2015-07-24,572.0,572.0,572.0,572.0
2015-07-27,561.5,561.5,561.5,561.5
2015-07-28,558.5,558.5,558.5,558.5
2015-07-29,553.5,553.5,553.5,553.5
2015-07-30,556.75,556.75,556.75,556.75
2015-07-31,555.25,555.25,555.25,555.25
2015-08-03,535.75,535.75,535.75,535.75
2015-08-04,533.0,533.0,533.0,533.0
2015-08-05,525.25,525.25,525.25,525.25
2015-08-06,525.25,525.25,525.25,525.25
2015-08-07,520.25,520.25,520.25,520.25
2015-08-10,516.75,516.75,516.75,516.75
2015-08-11,516.5,516.5,516.5,516.5
2015-08-12,498.75,498.75,498.75,498.75
2015-08-13,504.0,504.0,504.0,504.0
2015-08-14,504.75,504.75,504.75,504.75
2015-08-17,496.0,496.0,496.0,496.0
2015-08-18,501.5,501.5,501.5,501.5
2015-08-19,497.5,497.5,497.5,497.5
2015-08-20,485.25,485.25,485.25,485.25
2015-08-21,476.75,476.75,476.75,476.75
2015-08-24,450.0,450.0,450.0,450.0
2015-08-25,450.25,450.25,450.25,450.25
2015-08-26,437.5,437.5,437.5,437.5
2015-08-27,452.5,452.5,452.5,452.5
2015-08-28,472.75,472.75,472.75,472.75
2015-08-31,472.75,472.75,472.75,472.75
2015-09-01,484.0,484.0,484.0,484.0
2015-09-02,470.0,470.0,470.0,470.0
2015-09-03,480.0,480.0,480.0,480.0
2015-09-04,476.5,476.5,476.5,476.5
2015-09-08,481.75,481.75,481.75,481.75
2015-09-09,490.5,490.5,490.5,490.5
2015-09-10,496.5,496.5,496.5,496.5
2015-09-11,494.75,494.75,494.75,494.75
2015-09-14,507.75,507.75,497.25,497.25
2015-09-15,497.5,497.5,497.5,497.5
2015-09-16,508.25,508.25,508.25,508.25
2015-09-17,500.25,500.25,500.25,500.25
2015-09-18,495.75,495.75,495.75,495.75
2015-09-21,507.0,507.0,507.0,507.0
2015-09-22,509.5,509.5,509.5,509.5
2015-09-23,515.25,515.25,515.25,515.25
2015-09-24,515.25,515.25,515.25,515.25
2015-09-25,533.5,533.5,533.5,533.5
2015-09-28,544.5,544.5,544.5,544.5
2015-09-29,548.25,548.25,548.25,548.25
2015-09-30,534.0,534.0,534.0,534.0
2015-10-01,546.75,546.75,546.75,546.75
2015-10-02,536.5,536.5,536.5,536.5
2015-10-05,548.25,548.25,548.25,548.25
2015-10-06,542.5,542.5,542.5,542.5
2015-10-07,536.0,536.0,536.0,536.0
2015-10-08,538.5,538.5,538.5,538.5
2015-10-09,537.25,537.25,537.25,537.25
2015-10-12,540.0,540.0,540.0,540.0
2015-10-13,555.0,555.0,555.0,555.0
2015-10-14,555.0,555.0,555.0,555.0
2015-10-15,548.75,548.75,548.75,548.75
2015-10-16,553.75,553.75,553.75,553.75
2015-10-19,540.75,540.75,540.75,540.75
2015-10-20,545.0,545.0,545.0,545.0
2015-10-21,551.5,551.5,551.5,551.5
2015-10-22,552.0,552.0,552.0,552.0
2015-10-23,550.75,550.75,550.75,550.75
2015-10-26,534.75,534.75,534.75,534.75
2015-10-27,544.5,544.5,544.5,544.5
2015-10-28,547.25,547.25,547.25,547.25
2015-10-29,551.75,551.75,551.75,551.75
2015-10-30,549.0,549.0,549.0,549.0
2015-11-02,543.0,543.0,543.0,543.0
2015-11-03,539.0,539.0,539.0,539.0
2015-11-04,554.5,554.5,554.5,554.5
2015-11-05,547.75,547.75,547.75,547.75
2015-11-06,539.75,539.75,539.75,539.75
2015-11-09,546.75,546.75,546.75,546.75
2015-11-10,546.75,546.75,546.75,546.75
2015-11-11,533.25,533.25,533.25,533.25
2015-11-12,534.0,534.0,534.0,534.0
2015-11-13,536.75,536.75,536.75,536.75
2015-11-16,523.5,523.5,523.5,523.5
2015-11-17,523.75,523.75,523.75,523.75
2015-11-18,527.0,527.0,527.0,527.0
2015-11-19,527.75,527.75,527.75,527.75
2015-11-20,532.25,532.25,532.25,532.25
2015-11-23,530.25,530.25,530.25,530.25
2015-11-24,532.5,532.5,532.5,532.5
2015-11-25,546.25,546.25,546.25,546.25
2015-11-27,558.75,558.75,558.75,558.75
2015-11-30,550.25,550.25,550.25,550.25
2015-12-01,550.5,550.5,550.5,550.5
2015-12-02,552.5,552.5,552.5,552.5
2015-12-03,556.25,556.25,556.25,556.25
2015-12-04,562.0,562.0,562.0,562.0
2016-07-26,567.5,567.5,567.5,567.5
2016-07-27,567.75,567.75,567.75,567.75
2016-07-28,567.25,567.25,567.25,567.25
2016-07-29,568.25,568.25,568.25,568.25
2016-08-01,574.25,574.25,574.25,574.25
2016-08-02,577.5,577.5,577.5,577.5
2016-08-03,593.0,593.0,593.0,593.0
2016-08-04,600.0,600.0,600.0,600.0
2016-08-05,592.25,592.25,592.25,592.25
2016-08-08,591.25,591.25,591.25,591.25
2016-08-09,608.25,608.25,608.25,608.25
2016-08-10,622.25,622.25,622.25,622.25
2016-08-11,611.5,611.5,611.5,611.5
2016-08-12,614.25,614.25,614.25,614.25
2016-08-15,636.5,636.5,636.5,636.5
2016-08-16,629.5,629.5,629.5,629.5
2016-08-17,645.75,645.75,645.75,645.75
2016-08-18,632.75,632.75,632.75,632.75
2016-08-19,630.75,630.75,630.75,630.75
2016-08-22,621.5,621.5,621.5,621.5
2016-08-23,629.0,629.0,629.0,629.0
2016-08-24,633.0,633.0,633.0,633.0
2016-08-25,626.25,626.25,626.25,626.25
2016-08-26,624.75,624.75,624.75,624.75
2016-08-29,612.0,612.0,612.0,612.0
2016-08-30,613.25,613.25,613.25,613.25
2016-08-31,613.25,613.25,613.25,613.25
2016-09-01,606.75,606.75,606.75,606.75
2016-09-02,620.25,620.25,620.25,620.25
2016-09-06,627.5,627.5,627.5,627.5
2016-09-07,624.5,624.5,624.5,624.5
2016-09-08,628.0,628.0,628.0,628.0
2016-09-09,632.5,632.5,632.5,632.5
2016-09-12,628.75,628.75,628.75,628.75
2016-09-13,617.25,617.25,617.25,617.25
2016-09-14,610.75,610.75,610.75,610.75
2016-09-15,616.25,616.25,616.25,616.25
2016-09-16,616.25,616.25,616.25,616.25
2016-09-19,632.0,632.0,632.0,632.0
2016-09-20,641.5,641.5,641.5,641.5
2016-09-21,637.5,637.5,637.5,637.5
2016-09-22,650.5,650.5,650.5,650.5
2016-09-23,650.0,650.0,650.0,650.0
2016-09-26,644.25,644.25,644.25,644.25
2016-09-27,634.75,634.75,634.75,634.75
2016-09-28,621.75,621.75,621.75,621.75
2016-09-29,627.75,627.75,627.75,627.75
2016-09-30,631.0,631.0,631.0,631.0
2016-10-03,634.5,634.5,634.5,634.5
2016-10-04,623.5,623.5,623.5,623.5
2016-10-05,613.5,613.5,613.5,613.5
2016-10-06,620.5,620.5,620.5,620.5
2016-10-07,618.25,618.25,618.25,618.25
2016-10-10,614.0,614.0,614.0,614.0
2016-10-11,625.25,625.25,625.25,625.25
2016-10-12,630.25,630.25,630.25,630.25
2016-10-13,622.5,622.5,622.5,622.5
2016-10-14,631.5,631.5,631.5,631.5
2016-10-17,654.5,654.5,654.5,654.5
2016-10-18,646.0,646.0,646.0,646.0
2016-10-19,651.25,651.25,651.25,651.25
2016-10-20,648.25,648.25,648.25,648.25
2016-10-21,649.75,649.75,649.75,649.75
2016-10-24,674.5,674.5,674.5,674.5
2016-10-25,663.25,663.25,663.25,663.25
2016-10-26,670.75,670.75,670.75,670.75
2016-10-27,663.0,663.0,663.0,663.0
2016-10-28,661.75,661.75,661.75,661.75
2016-10-31,657.0,657.0,657.0,657.0
2016-11-01,651.75,651.75,651.75,651.75
2016-11-02,656.5,656.5,656.5,656.5
2016-11-03,659.0,659.0,659.0,659.0
2016-11-04,647.25,647.25,647.25,647.25
2016-11-07,657.0,657.0,657.0,657.0
2016-11-08,670.25,670.25,670.25,670.25
2016-11-09,664.0,664.0,664.0,664.0
2016-11-10,664.75,664.75,664.75,664.75
2016-11-14,650.25,650.25,650.25,650.25
2016-11-15,645.75,645.75,645.75,645.75
2016-11-16,649.5,649.5,649.5,649.5
2016-11-17,650.25,650.25,650.25,650.25
2016-11-18,644.0,644.0,644.0,644.0
2016-11-21,659.0,659.0,659.0,659.0
2016-11-22,660.75,660.75,660.75,660.75
2016-11-23,660.0,660.0,660.0,660.0
2016-11-25,675.0,675.0,675.0,675.0
2016-11-28,684.25,684.25,684.25,684.25
2016-11-29,678.25,678.25,678.25,678.25
2016-11-30,684.75,684.75,684.75,684.75
2016-12-01,689.25,689.25,689.25,689.25
2016-12-02,691.0,691.0,691.0,691.0
2016-12-05,703.25,703.25,703.25,703.25
2016-12-06,713.0,713.0,713.0,713.0
2016-12-07,706.75,706.75,706.75,706.75
2016-12-08,702.5,702.5,702.5,702.5
2016-12-09,696.25,696.25,696.25,696.25
2016-12-12,696.25,696.25,696.25,696.25
2016-12-13,700.75,700.75,700.75,700.75
2016-12-14,702.5,702.5,702.5,702.5
2016-12-15,708.0,708.0,708.0,708.0
2016-12-16,704.5,704.5,704.5,704.5
2016-12-19,702.25,702.25,702.25,702.25
2016-12-20,697.75,697.75,697.75,697.75
2016-12-21,699.5,699.5,699.5,699.5
2016-12-22,697.0,697.0,697.0,697.0
2016-12-23,696.0,696.0,696.0,696.0
2016-12-27,699.0,699.0,699.0,699.0
2016-12-28,699.25,699.25,699.25,699.25
2016-12-29,698.5,698.5,698.5,698.5
2016-12-30,698.5,698.5,698.5,698.5
2017-09-22,661.25,661.25,661.25,661.25
2017-09-25,658.5,658.5,658.5,658.5
2017-09-26,661.25,661.25,661.25,661.25
2017-09-27,660.75,660.75,660.75,660.75
2017-09-28,659.5,659.5,659.5,659.5
2017-09-29,659.5,659.5,659.5,659.5
2017-10-02,630.25,630.25,630.25,630.25
2017-10-03,632.5,632.5,632.5,632.5
2017-10-04,641.5,641.5,641.5,641.5
2017-10-05,641.75,641.75,641.75,641.75
2017-10-06,643.0,643.0,643.0,643.0
2017-10-09,644.5,644.5,644.5,644.5
2017-10-10,638.25,638.25,638.25,638.25
2017-10-11,639.75,639.75,639.75,639.75
2017-10-12,641.5,641.5,641.5,641.5
2017-10-13,646.75,646.75,646.75,646.75
2017-10-16,648.25,648.25,648.25,648.25
2017-10-17,645.5,645.5,645.5,645.5
2017-10-18,645.5,645.5,645.5,645.5
2017-10-19,643.5,643.5,643.5,643.5
2017-10-20,645.25,645.25,645.25,645.25
2017-10-23,648.5,648.5,648.5,648.5
2017-10-24,647.75,647.75,647.75,647.75
2017-10-25,649.25,649.25,649.25,649.25
2017-10-26,649.75,649.75,649.75,649.75
2017-10-27,649.75,649.75,649.75,649.75
2017-10-30,650.25,650.25,650.25,650.25
2017-10-31,650.0,650.0,650.0,650.0
2017-11-01,670.0,670.0,670.0,670.0
2017-11-02,667.5,667.5,667.5,667.5
2017-11-03,663.5,663.5,663.5,663.5
2017-11-06,657.75,657.75,657.75,657.75
2017-11-07,660.0,660.0,660.0,660.0
2017-11-08,666.25,666.25,666.25,666.25
2017-11-09,664.25,664.25,664.25,664.25
2017-11-10,666.25,666.25,666.25,666.25
2017-11-13,660.5,660.5,660.5,660.5
2017-11-14,654.75,654.75,654.75,654.75
2017-11-15,654.75,654.75,654.75,654.75
2017-11-16,658.25,658.25,658.25,658.25
2017-11-17,656.5,656.5,656.5,656.5
2017-11-20,648.5,648.5,648.5,648.5
2017-11-21,648.5,648.5,648.5,648.5
2017-11-22,651.25,651.25,651.25,651.25
2017-11-24,650.5,650.5,650.5,650.5
2017-11-27,648.75,648.75,648.75,648.75
2017-11-28,648.75,648.75,648.75,648.75
2017-11-29,648.25,648.25,648.25,648.25
2017-11-30,648.75,648.75,648.75,648.75
2017-12-01,636.25,636.25,636.25,636.25
2017-12-04,634.0,634.0,634.0,634.0
2017-12-05,632.75,632.75,632.75,632.75
2017-12-06,624.5,624.5,624.5,624.5
2017-12-07,615.5,615.5,615.5,615.5
2017-12-08,610.25,610.25,610.25,610.25
2017-12-11,607.5,607.5,607.5,607.5
2017-12-12,610.25,610.25,610.25,610.25
2017-12-13,608.0,608.0,608.0,608.0
2017-12-14,607.5,607.5,607.5,607.5
2017-12-15,615.5,615.5,615.5,615.5
2017-12-18,616.25,616.25,616.25,616.25
2017-12-19,616.25,616.25,616.25,616.25
2017-12-20,614.25,614.25,614.25,614.25
2017-12-21,610.5,610.5,610.5,610.5
2017-12-22,610.0,610.0,610.0,610.0
2017-12-26,612.75,612.75,612.75,612.75
2017-12-27,614.0,614.0,614.0,614.0
2017-12-28,613.75,613.75,613.75,613.75
2017-12-29,613.75,613.75,613.75,613.75
2018-01-02,627.75,627.75,627.75,627.75
2018-01-03,646.75,646.75,646.75,646.75
2018-01-04,642.5,642.5,642.5,642.5
2018-01-05,647.75,647.75,647.75,647.75
2018-01-08,655.0,655.0,655.0,655.0
2018-01-09,648.0,648.0,648.0,648.0
2018-01-10,651.5,651.5,651.5,651.5
2018-01-11,644.5,644.5,644.5,644.5
2018-01-12,641.25,641.25,641.25,641.25
2018-01-16,640.75,640.75,640.75,640.75
2018-01-17,637.5,637.5,637.5,637.5
2018-01-18,635.5,635.5,635.5,635.5
2018-01-19,634.0,634.0,634.0,634.0
2018-01-22,636.25,636.25,636.25,636.25
2018-01-23,638.25,638.25,638.25,638.25
2018-01-24,640.5,640.5,640.5,640.5
2018-01-25,639.5,639.5,639.5,639.5
2018-01-26,639.75,639.75,639.75,639.75
2018-01-29,640.75,640.75,640.75,640.75
2018-01-30,640.25,640.25,640.25,640.25
2018-01-31,640.25,640.25,640.25,640.25
2018-02-01,639.25,639.25,639.25,639.25
2018-02-02,634.75,634.75,634.75,634.75
2018-02-05,638.5,638.5,638.5,638.5
2018-02-06,631.75,631.75,631.75,631.75
2018-02-07,636.25,636.25,636.25,636.25
2018-02-08,635.75,635.75,635.75,635.75
2018-02-09,637.5,637.5,637.5,637.5
2018-02-12,643.25,643.25,643.25,643.25
2018-02-13,638.75,638.75,638.75,638.75
2018-02-14,637.25,637.25,637.25,637.25
2018-02-15,641.0,641.0,641.0,641.0
2018-02-16,641.0,641.0,641.0,641.0
2018-02-20,638.75,638.75,638.75,638.75
2018-02-21,638.25,638.25,638.25,638.25
2018-02-22,638.0,638.0,638.0,638.0
2018-02-23,640.25,640.25,640.25,640.25
2018-02-26,641.0,641.0,641.0,641.0
2018-02-27,641.0,641.0,641.0,641.0
2018-02-28,641.0,641.0,641.0,641.0
2018-03-01,648.75,648.75,648.75,648.75
2018-03-02,632.5,632.5,632.5,632.5
2018-03-05,632.5,632.5,632.5,632.5
2018-03-06,635.25,635.25,635.25,635.25
2018-03-07,628.25,628.25,628.25,628.25
2018-03-08,621.0,621.0,621.0,621.0
2018-03-09,613.5,613.5,613.5,613.5
2018-03-12,615.5,615.5,615.5,615.5
2018-03-13,620.75,620.75,620.75,620.75
2018-03-14,626.0,626.0,626.0,626.0
2018-03-15,624.25,624.25,624.25,624.25
2018-03-16,620.25,620.25,620.25,620.25
2018-03-19,622.0,622.0,622.0,622.0
2018-03-20,623.25,623.25,623.25,623.25
2018-03-21,623.75,623.75,623.75,623.75
2018-03-22,624.75,624.75,624.75,624.75
2018-03-23,623.0,623.0,623.0,623.0
2018-03-26,623.5,623.5,623.5,623.5
2018-03-27,624.25,624.25,624.25,624.25
2018-03-28,624.25,624.25,624.25,624.25
2018-03-29,623.75,623.75,623.75,623.75
2018-04-02,624.0,624.0,624.0,624.0
2018-04-03,629.75,629.75,629.75,629.75
2018-04-04,634.75,634.75,634.75,634.75
2018-04-05,638.25,638.25,638.25,638.25
2018-04-06,644.75,644.75,644.75,644.75
2018-04-09,637.75,637.75,637.75,637.75
2018-04-10,631.75,631.75,631.75,631.75
2018-04-11,630.75,630.75,630.75,630.75
2018-04-12,629.0,629.0,629.0,629.0
2018-04-13,625.25,625.25,625.25,625.25
2018-04-16,620.5,620.5,620.5,620.5
2018-04-17,625.25,625.25,625.25,625.25
2018-04-18,625.0,625.0,625.0,625.0
2018-04-19,624.5,624.5,624.5,624.5
2018-04-24,623.75,623.75,623.75,623.75
2018-04-25,623.5,623.5,623.5,623.5
2018-04-26,623.0,623.0,623.0,623.0
2018-04-27,623.0,623.0,623.0,623.0
2018-04-30,622.75,622.75,622.75,622.75
2018-05-01,601.5,601.5,601.5,601.5
2018-05-02,601.75,601.75,601.75,601.75
2018-05-03,592.75,592.75,592.75,592.75
2018-05-04,595.0,595.0,595.0,595.0
2018-05-07,603.5,603.5,603.5,603.5
2018-05-08,602.0,602.0,602.0,602.0
2018-05-09,602.0,602.0,602.0,602.0
2018-05-10,602.0,602.0,602.0,602.0
2018-05-11,602.0,602.0,602.0,602.0
2018-05-14,605.0,605.0,605.0,605.0
2018-05-15,611.0,611.0,611.0,611.0
2018-05-16,606.5,606.5,606.5,606.5
2018-05-17,608.75,608.75,608.75,608.75
2018-05-18,610.5,610.5,610.5,610.5
2018-05-21,610.0,610.0,610.0,610.0
2018-05-22,613.0,613.0,613.0,613.0
2018-05-23,612.75,612.75,612.75,612.75
2018-05-24,613.5,613.5,613.5,613.5
2018-05-25,611.5,611.5,611.5,611.5
2018-05-29,611.5,611.5,611.5,611.5
2018-05-30,610.5,610.5,610.5,610.5
2018-05-31,610.5,610.5,610.5,610.5
2018-06-01,612.75,612.75,612.75,612.75
2018-06-04,605.75,605.75,605.75,605.75
2018-06-05,605.0,605.0,605.0,605.0
2018-06-06,603.5,603.5,603.5,603.5
2018-06-07,601.75,601.75,601.75,601.75
2018-06-08,597.0,597.0,597.0,597.0
2018-06-11,595.5,595.5,595.5,595.5
2018-06-12,589.5,589.5,589.5,589.5
2018-06-13,588.0,588.0,588.0,588.0
2018-06-14,590.5,590.5,590.5,590.5
2018-06-15,590.5,590.5,590.5,590.5
2018-06-18,586.5,586.5,586.5,586.5
2018-06-19,581.5,581.5,581.5,581.5
2018-06-20,581.0,581.0,581.0,581.0
2018-06-21,579.75,579.75,579.75,579.75
2018-06-22,582.25,582.25,582.25,582.25
2018-06-25,582.5,582.5,582.5,582.5
2018-06-26,581.75,581.75,581.75,581.75
2018-06-27,583.0,583.0,583.0,583.0
2018-06-28,583.5,583.5,583.5,583.5
2018-06-29,583.25,583.25,583.25,583.25
2018-07-02,576.75,576.75,576.75,576.75
2018-07-03,571.75,571.75,571.75,571.75
2018-07-05,565.5,565.5,565.5,565.5
2018-07-06,562.0,562.0,562.0,562.0
2018-07-09,563.5,563.5,563.5,563.5
2018-07-10,564.25,564.25,564.25,564.25
2018-07-11,553.25,553.25,553.25,553.25
2018-07-12,549.0,549.0,549.0,549.0
2018-07-13,543.75,543.75,543.75,543.75
2018-07-16,546.75,546.75,546.75,546.75
2018-07-17,546.5,546.5,546.5,546.5
2018-07-18,550.5,550.5,550.5,550.5
2018-07-19,548.5,548.5,548.5,548.5
2018-07-20,548.25,548.25,548.25,548.25
2018-07-23,546.75,546.75,546.75,546.75
2018-07-24,545.25,545.25,545.25,545.25
2018-07-25,545.75,545.75,545.75,545.75
2018-07-26,548.0,548.0,548.0,548.0
2018-07-27,547.0,547.0,547.0,547.0
2018-07-30,547.25,547.25,547.25,547.25
2018-07-31,547.25,547.25,547.25,547.25
2018-08-01,544.25,544.25,544.25,544.25
2018-08-02,538.5,538.5,538.5,538.5
2018-08-03,538.25,538.25,538.25,538.25
2018-08-06,541.0,541.0,541.0,541.0
2018-08-07,545.75,545.75,545.75,545.75
2018-08-08,551.0,551.0,551.0,551.0
2018-08-09,549.25,549.25,549.25,549.25
2018-08-10,548.0,548.0,548.0,548.0
2018-08-13,541.25,541.25,541.25,541.25
2018-08-14,542.25,542.25,542.25,542.25
2018-08-15,539.5,539.5,539.5,539.5
2018-08-16,542.5,542.5,542.5,542.5
2018-08-17,544.0,544.0,544.0,544.0
2018-08-20,545.75,545.75,545.75,545.75
2018-08-21,545.0,545.0,545.0,545.0
2018-08-22,545.0,545.0,545.0,545.0
2018-08-23,543.0,543.0,543.0,543.0
2018-08-24,543.0,543.0,543.0,543.0
2018-08-27,542.25,542.25,542.25,542.25
2018-08-28,543.5,543.5,543.5,543.5
2018-08-29,543.0,543.0,543.0,543.0
2018-08-30,543.25,543.25,543.25,543.25
2018-08-31,543.25,543.25,543.25,543.25
2018-09-04,555.0,555.0,555.0,555.0
2018-09-05,552.5,552.5,552.5,552.5
2018-09-06,549.75,549.75,549.75,549.75
2018-09-07,547.75,547.75,547.75,547.75
2018-09-10,547.75,547.75,547.75,547.75
2018-09-11,547.75,547.75,547.75,547.75
2018-09-12,542.25,542.25,542.25,542.25
2018-09-13,544.0,544.0,544.0,544.0
2018-09-14,541.0,541.0,541.0,541.0
2018-09-17,541.0,541.0,541.0,541.0
2018-09-18,537.75,537.75,537.75,537.75
2018-09-19,533.25,533.25,533.25,533.25
2018-09-20,532.25,532.25,532.25,532.25
2018-09-21,532.5,532.5,532.5,532.5
2018-09-24,533.75,533.75,533.75,533.75
2018-09-25,534.75,534.75,534.75,534.75
2018-09-26,535.0,535.0,535.0,535.0
2018-09-27,534.25,534.25,534.25,534.25
2018-09-28,534.5,534.5,534.5,534.5
2018-10-01,521.0,521.0,521.0,521.0
2018-10-02,521.75,521.75,521.75,521.75
2018-10-03,530.5,530.5,530.5,530.5
2018-10-04,535.75,535.75,535.75,535.75
2018-10-05,534.5,534.5,534.5,534.5
2018-10-08,527.25,527.25,527.25,527.25
2018-10-09,530.0,530.0,530.0,530.0
2018-10-10,528.25,528.25,528.25,528.25
2018-10-11,524.5,524.5,524.5,524.5
2018-10-12,528.0,528.0,528.0,528.0
2018-10-15,527.5,527.5,527.5,527.5
2018-10-16,534.5,534.5,534.5,534.5
2018-10-17,536.5,536.5,536.5,536.5
2018-10-18,534.0,534.0,534.0,534.0
2018-10-19,532.25,532.25,532.25,532.25
2018-10-22,533.5,533.5,533.5,533.5
2018-10-23,532.0,532.0,532.0,532.0
2018-10-24,530.75,530.75,530.75,530.75
2018-10-25,529.25,529.25,529.25,529.25
2018-10-26,528.0,528.0,528.0,528.0
2018-10-29,529.25,529.25,529.25,529.25
2018-10-30,529.0,529.0,529.0,529.0
2018-10-31,528.75,528.75,528.75,528.75
2018-11-01,512.25,512.25,512.25,512.25
2018-11-02,515.75,515.75,515.75,515.75
2018-11-05,509.5,509.5,509.5,509.5
2018-11-06,509.5,509.5,509.5,509.5
2018-11-07,507.25,507.25,507.25,507.25
2018-11-08,502.5,502.5,502.5,502.5
2018-11-09,493.5,493.5,493.5,493.5
2018-11-12,491.75,491.75,491.75,491.75
2018-11-13,487.0,487.0,487.0,487.0
2018-11-14,482.25,482.25,482.25,482.25
2018-11-15,483.0,483.0,483.0,483.0
2018-11-16,482.25,482.25,482.25,482.25
2018-11-19,484.0,484.0,484.0,484.0
2018-11-20,484.0,484.0,484.0,484.0
2018-11-21,485.25,485.25,485.25,485.25
2018-11-23,488.75,488.75,488.75,488.75
2018-11-26,484.5,484.5,484.5,484.5
2018-11-27,484.25,484.25,484.25,484.25
2018-11-28,486.0,486.0,486.0,486.0
2018-11-29,486.25,486.25,486.25,486.25
2018-11-30,486.5,486.5,486.5,486.5
2018-12-03,479.0,479.0,479.0,479.0
2018-12-04,485.5,485.5,485.5,485.5
2018-12-05,480.25,480.25,480.25,480.25
2018-12-06,481.5,481.5,481.5,481.5
2018-12-07,480.25,480.25,480.25,480.25
2018-12-10,487.75,487.75,487.75,487.75
2018-12-11,482.25,482.25,482.25,482.25
2018-12-12,484.75,484.75,484.75,484.75
2018-12-13,486.75,486.75,486.75,486.75
2018-12-14,489.75,489.75,489.75,489.75
2018-12-17,495.75,495.75,495.75,495.75
2018-12-18,500.0,500.0,500.0,500.0
2018-12-19,504.0,504.0,504.0,504.0
2018-12-20,502.5,502.5,502.5,502.5
2018-12-21,500.75,500.75,500.75,500.75
2018-12-24,498.75,498.75,498.75,498.75
2018-12-26,497.25,497.25,497.25,497.25
2018-12-27,497.75,497.75,497.75,497.75
2018-12-28,498.5,498.5,498.5,498.5
2018-12-31,498.5,498.5,498.5,498.5
2019-01-02,523.5,523.5,523.5,523.5
2019-01-03,519.25,519.25,519.25,519.25
2019-01-04,524.5,524.5,524.5,524.5
2019-01-07,524.75,524.75,524.75,524.75
2019-01-08,528.75,528.75,528.75,528.75
2019-01-09,529.0,529.0,529.0,529.0
2019-01-10,527.0,527.0,527.0,527.0
2019-01-11,528.5,528.5,528.5,528.5
2019-01-14,523.25,523.25,523.25,523.25
2019-01-15,524.5,524.5,524.5,524.5
2019-01-16,527.25,527.25,527.25,527.25
2019-01-17,530.0,530.0,530.0,530.0
2019-01-18,532.75,532.75,532.75,532.75
2019-01-22,535.5,535.5,535.5,535.5
2019-01-23,536.75,536.75,536.75,536.75
2019-01-24,537.75,537.75,537.75,537.75
2019-01-25,537.5,537.5,537.5,537.5
2019-01-28,539.75,539.75,539.75,539.75
2019-01-29,538.5,538.5,538.5,538.5
2019-01-30,538.75,538.75,538.75,538.75
2019-01-31,538.75,538.75,538.75,538.75
2019-02-01,562.75,562.75,562.75,562.75
2019-02-04,563.75,563.75,563.75,563.75
2019-02-05,563.75,563.75,563.75,563.75
2019-02-06,563.75,563.75,563.75,563.75
2019-02-07,567.0,567.0,567.0,567.0
2019-02-08,562.75,562.75,562.75,562.75
2019-02-11,558.25,558.25,558.25,558.25
2019-02-12,555.0,555.0,555.0,555.0
2019-02-13,555.5,555.5,555.5,555.5
2019-02-14,559.75,559.75,559.75,559.75
2019-02-15,555.0,555.0,555.0,555.0
2019-02-19,556.0,556.0,556.0,556.0
2019-02-20,555.5,555.5,555.5,555.5
2019-02-21,557.25,557.25,557.25,557.25
2019-02-22,556.25,556.25,556.25,556.25
2019-02-25,554.0,554.0,554.0,554.0
2019-02-26,552.75,552.75,552.75,552.75
2019-02-27,551.25,551.25,551.25,551.25
2019-02-28,551.0,551.0,551.0,551.0
2019-03-01,537.5,537.5,537.5,537.5
2019-03-04,528.0,528.0,528.0,528.0
2019-03-05,530.25,530.25,530.25,530.25
2019-03-06,528.25,528.25,528.25,528.25
2019-03-07,524.0,524.0,524.0,524.0
2019-03-08,521.5,521.5,521.5,521.5
2019-03-11,520.75,520.75,520.75,520.75
2019-03-12,521.0,521.0,521.0,521.0
2019-03-13,516.5,516.5,516.5,516.5
2019-03-14,513.0,513.0,513.0,513.0
2019-03-15,513.0,513.0,513.0,513.0
2019-03-18,517.75,517.75,517.75,517.75
2019-03-19,521.0,521.0,521.0,521.0
2019-03-20,524.25,524.25,524.25,524.25
2019-03-21,525.5,525.5,525.5,525.5
2019-03-22,525.0,525.0,525.0,525.0
2019-03-25,523.25,523.25,523.25,523.25
2019-03-26,523.0,523.0,523.0,523.0
2019-03-27,523.0,523.0,523.0,523.0
2019-03-28,522.5,522.5,522.5,522.5
2019-03-29,522.25,522.25,522.25,522.25
2019-04-01,518.5,518.5,518.5,518.5
2019-04-02,526.75,526.75,526.75,526.75
2019-04-03,531.75,531.75,531.75,531.75
2019-04-04,538.25,538.25,538.25,538.25
2019-04-05,542.0,542.0,542.0,542.0
2019-04-08,536.0,536.0,536.0,536.0
2019-04-09,538.25,538.25,538.25,538.25
2019-04-10,531.0,531.0,531.0,531.0
2019-04-11,527.25,527.25,527.25,527.25
2019-04-12,528.0,528.0,528.0,528.0
2019-04-15,526.0,526.0,526.0,526.0
2019-04-16,529.5,529.5,529.5,529.5
2019-04-17,531.5,531.5,531.5,531.5
2019-04-18,529.0,529.0,529.0,529.0
2019-04-22,528.75,528.75,528.75,528.75
2019-04-23,528.75,528.75,528.75,528.75
2019-04-24,528.75,528.75,528.75,528.75
2019-04-25,528.25,528.25,528.25,528.25
2019-04-26,526.75,526.75,526.75,526.75
2019-04-29,526.75,526.75,526.75,526.75
2019-04-30,526.5,526.5,526.5,526.5
2019-05-01,507.0,507.0,507.0,507.0
2019-05-02,491.25,491.25,491.25,491.25
2019-05-03,485.5,485.5,485.5,485.5
2019-05-06,479.25,479.25,479.25,479.25
2019-05-07,490.75,490.75,490.75,490.75
2019-05-08,490.25,490.25,490.25,490.25
2019-05-09,484.25,484.25,484.25,484.25
2019-05-10,480.0,480.0,480.0,480.0
2019-05-13,480.0,480.0,480.0,480.0
2019-05-14,484.25,484.25,484.25,484.25
2019-05-15,485.5,485.5,485.5,485.5
2019-05-16,494.0,494.0,494.0,494.0
2019-05-17,493.75,493.75,493.75,493.75
2019-05-20,493.75,493.75,493.75,493.75
2019-05-21,489.25,489.25,489.25,489.25
2019-05-22,489.25,489.25,489.25,489.25
2019-05-23,485.5,485.5,485.5,485.5
2019-05-24,485.25,485.25,485.25,485.25
2019-05-28,488.0,488.0,488.0,488.0
2019-05-29,489.25,489.25,489.25,489.25
2019-05-30,488.75,488.75,488.75,488.75
2019-05-31,488.5,488.5,488.5,488.5
2019-06-03,484.75,484.75,484.75,484.75
2019-06-04,491.75,491.75,491.75,491.75
2019-06-05,491.75,491.75,491.75,491.75
2019-06-06,491.75,491.75,491.75,491.75
2019-06-07,487.75,487.75,487.75,487.75
2019-06-10,480.75,480.75,480.75,480.75
2019-06-11,483.0,483.0,483.0,483.0
2019-06-12,476.25,476.25,476.25,476.25
2019-06-13,482.5,482.5,482.5,482.5
2019-06-14,482.5,482.5,482.5,482.5
2019-06-17,485.25,485.25,485.25,485.25
2019-06-18,483.5,483.5,483.5,483.5
2019-06-19,486.25,486.25,486.25,486.25
2019-06-20,485.0,485.0,485.0,485.0
2019-06-21,485.0,485.0,485.0,485.0
2019-06-24,483.75,483.75,483.75,483.75
2019-06-25,483.0,483.0,483.0,483.0
2019-06-26,482.0,482.0,482.0,482.0
2019-06-27,482.0,482.0,482.0,482.0
2019-06-28,482.0,482.0,482.0,482.0
2019-07-01,474.0,474.0,474.0,474.0
2019-07-02,475.25,475.25,475.25,475.25
2019-07-03,472.75,472.75,472.75,472.75
2019-07-05,474.0,474.0,474.0,474.0
2019-07-08,470.25,470.25,470.25,470.25
2019-07-09,469.75,469.75,469.75,469.75
2019-07-10,469.0,469.0,469.0,469.0
2019-07-11,471.0,471.0,471.0,471.0
2019-07-12,472.25,472.25,472.25,472.25
2019-07-15,474.5,474.5,474.5,474.5
2019-07-16,477.25,477.25,477.25,477.25
2019-07-17,477.75,477.75,477.75,477.75
2019-07-18,477.5,477.5,477.5,477.5
2019-07-19,476.5,476.5,476.5,476.5
2019-07-22,477.25,477.25,477.25,477.25
2019-07-23,478.75,478.75,478.75,478.75
2019-07-24,480.25,480.25,480.25,480.25
2019-07-25,481.75,481.75,481.75,481.75
2019-07-26,482.0,482.0,482.0,482.0
2019-07-29,481.0,481.0,481.0,481.0
2019-07-30,481.0,481.0,481.0,481.0
2019-07-31,481.0,481.0,481.0,481.0
2019-08-01,498.25,498.25,498.25,498.25
2019-08-02,496.75,496.75,496.75,496.75
2019-08-05,501.25,501.25,501.25,501.25
2019-08-06,501.25,501.25,501.25,501.25
2019-08-07,501.25,501.25,501.25,501.25
2019-08-08,508.0,508.0,508.0,508.0
2019-08-09,515.25,515.25,515.25,515.25
2019-08-12,515.25,515.25,515.25,515.25
2019-08-13,519.75,519.75,519.75,519.75
2019-08-14,521.25,521.25,521.25,521.25
2019-08-15,514.75,514.75,514.75,514.75
2019-08-16,517.5,517.5,517.5,517.5
2019-08-19,514.25,514.25,514.25,514.25
2019-08-20,515.75,515.75,515.75,515.75
2019-08-21,519.0,519.0,519.0,519.0
2019-08-22,522.75,522.75,522.75,522.75
2019-08-23,522.75,522.75,522.75,522.75
2019-08-26,522.5,522.5,522.5,522.5
2019-08-27,521.25,521.25,521.25,521.25
2019-08-28,521.75,521.75,521.75,521.75
2019-08-29,520.75,520.75,520.75,520.75
2019-08-30,521.0,521.0,521.0,521.0
2019-09-03,516.25,516.25,516.25,516.25
2019-09-04,519.0,519.0,519.0,519.0
2019-09-05,520.25,520.25,520.25,520.25
2019-09-06,525.25,525.25,525.25,525.25
2019-09-09,525.25,525.25,525.25,525.25
2019-09-10,529.75,529.75,529.75,529.75
2019-09-11,526.5,526.5,526.5,526.5
2019-09-12,524.25,524.25,524.25,524.25
2019-09-13,525.25,525.25,525.25,525.25
2019-09-16,525.25,525.25,525.25,525.25
2019-09-17,536.75,536.75,536.75,536.75
2019-09-18,533.5,533.5,533.5,533.5
2019-09-19,531.25,531.25,531.25,531.25
2019-09-20,530.0,530.0,530.0,530.0
2019-09-23,527.75,527.75,527.75,527.75
2019-09-24,524.25,524.25,524.25,524.25
2019-09-25,524.25,524.25,524.25,524.25
2019-09-26,525.0,525.0,525.0,525.0
2019-09-27,524.5,524.5,524.5,524.5
2019-09-30,524.25,524.25,524.25,524.25
2019-10-01,517.0,517.0,517.0,517.0
2019-10-02,511.0,511.0,511.0,511.0
2019-10-03,510.5,510.5,510.5,510.5
2019-10-04,513.5,513.5,513.5,513.5
2019-10-07,515.0,515.0,515.0,515.0
2019-10-08,517.75,517.75,517.75,517.75
2019-10-09,520.75,520.75,520.75,520.75
2019-10-10,521.75,521.75,521.75,521.75
2019-10-11,520.0,520.0,520.0,520.0
2019-10-14,516.75,516.75,516.75,516.75
2019-10-15,518.0,518.0,518.0,518.0
2019-10-16,527.25,527.25,527.25,527.25
2019-10-17,528.25,528.25,528.25,528.25
2019-10-18,531.25,531.25,531.25,531.25
2019-10-21,531.0,531.0,531.0,531.0
2019-10-22,533.5,533.5,533.5,533.5
2019-10-23,533.5,533.5,533.5,533.5
2019-10-24,537.0,537.0,537.0,537.0
2019-10-25,537.75,537.75,537.75,537.75
2019-10-28,537.75,537.75,537.75,537.75
2019-10-29,538.5,538.5,538.5,538.5
2019-10-30,540.0,540.0,540.0,540.0
2019-10-31,540.0,540.0,540.0,540.0
2019-11-01,589.5,589.5,589.5,589.5
2019-11-04,607.75,607.75,607.75,607.75
2019-11-05,605.25,605.25,605.25,605.25
2019-11-06,615.5,615.5,615.5,615.5
2019-11-07,609.0,609.0,609.0,609.0
2019-11-08,617.25,617.25,617.25,617.25
2019-11-11,627.25,627.25,627.25,627.25
2019-11-12,623.25,623.25,623.25,623.25
2019-11-13,619.5,619.5,619.5,619.5
2019-11-14,621.75,621.75,621.75,621.75
2019-11-15,618.0,618.0,618.0,618.0
2019-11-18,620.75,620.75,620.75,620.75
2019-11-19,623.0,623.0,623.0,623.0
2019-11-20,628.75,628.75,628.75,628.75
2019-11-21,626.5,626.5,626.5,626.5
2019-11-22,632.5,632.5,632.5,632.5
2019-11-25,631.25,631.25,631.25,631.25
2019-11-26,628.5,628.5,628.5,628.5
2019-11-27,628.75,628.75,628.75,628.75
2019-11-29,630.0,630.0,630.0,630.0
2019-12-02,653.75,653.75,653.75,653.75
2019-12-03,657.75,657.75,657.75,657.75
2019-12-04,662.5,662.5,662.5,662.5
2019-12-05,672.25,672.25,672.25,672.25
2019-12-06,681.75,681.75,681.75,681.75
2019-12-09,690.0,690.0,690.0,690.0
2019-12-10,690.25,690.25,690.25,690.25
2019-12-11,686.0,686.0,686.0,686.0
2019-12-12,689.0,689.0,689.0,689.0
2019-12-13,685.0,685.0,685.0,685.0
2019-12-16,688.0,688.0,688.0,688.0
2019-12-17,688.0,688.0,688.0,688.0
2019-12-18,686.0,686.0,686.0,686.0
2019-12-19,687.5,687.5,687.5,687.5
2019-12-20,690.5,690.5,690.5,690.5
2019-12-23,690.25,690.25,690.25,690.25
2019-12-24,691.0,691.0,691.0,691.0
2019-12-26,695.0,695.0,695.0,695.0
2019-12-27,697.5,697.5,697.5,697.5
2019-12-30,699.0,699.0,699.0,699.0
2019-12-31,698.5,698.5,698.5,698.5
2020-01-02,766.0,766.0,766.0,766.0
2020-01-03,760.5,760.5,760.5,760.5
2020-01-06,743.0,743.0,743.0,743.0
2020-01-07,744.25,744.25,744.25,744.25
2020-01-08,742.25,742.25,742.25,742.25
2020-01-09,757.75,757.75,757.75,757.75
2020-01-10,763.0,763.0,763.0,763.0
2020-01-13,758.25,758.25,758.25,758.25
2020-01-14,745.75,745.75,745.75,745.75
2020-01-15,735.25,735.25,735.25,735.25
2020-01-16,728.75,728.75,728.75,728.75
2020-01-17,723.25,723.25,723.25,723.25
2020-01-21,728.5,728.5,728.5,728.5
2020-01-22,735.25,735.25,735.25,735.25
2020-01-23,732.25,732.25,732.25,732.25
2020-01-24,728.5,728.5,728.5,728.5
2020-01-27,728.5,728.5,728.5,728.5
2020-01-28,714.5,714.5,714.5,714.5
2020-01-29,720.0,720.0,720.0,720.0
2020-01-30,718.0,718.0,718.0,718.0
2020-01-31,717.5,717.5,717.5,717.5
2020-02-03,635.5,635.5,635.5,635.5
2020-02-04,647.5,647.5,647.5,647.5
2020-02-05,676.75,676.75,676.75,676.75
2020-02-06,686.0,686.0,686.0,686.0
2020-02-07,677.25,677.25,677.25,677.25
2020-02-10,664.75,664.75,664.75,664.75
2020-02-11,655.75,655.75,655.75,655.75
2020-02-12,658.75,658.75,658.75,658.75
2020-02-13,645.75,645.75,645.75,645.75
2020-02-14,650.25,650.25,650.25,650.25
2020-02-18,647.25,647.25,647.25,647.25
2020-02-19,638.0,638.0,638.0,638.0
2020-02-20,640.5,640.5,640.5,640.5
2020-02-21,642.25,642.25,642.25,642.25
2020-02-24,636.5,636.5,636.5,636.5
2020-02-25,631.5,631.5,631.5,631.5
2020-02-26,630.5,630.5,630.5,630.5
2020-02-27,631.75,631.75,631.75,631.75
2020-02-28,630.0,630.0,630.0,630.0
2020-03-02,551.75,551.75,551.75,551.75
2020-03-03,565.0,565.0,565.0,565.0
2020-03-04,592.75,592.75,592.75,592.75
2020-03-05,600.75,600.75,600.75,600.75
2020-03-06,584.75,584.75,584.75,584.75
2020-03-09,560.5,560.5,560.5,560.5
2020-03-10,560.0,560.0,560.0,560.0
2020-03-11,561.75,561.75,561.75,561.75
2020-03-12,548.5,548.5,548.5,548.5
2020-03-13,546.75,546.75,546.75,546.75
2020-03-16,537.75,537.75,537.75,537.75
2020-03-17,540.0,540.0,540.0,540.0
2020-03-18,537.0,537.0,537.0,537.0
2020-03-19,533.0,533.0,533.0,533.0
2020-03-20,538.5,538.5,538.5,538.5
2020-03-23,537.5,537.5,537.5,537.5
2020-03-24,541.5,541.5,541.5,541.5
2020-03-25,543.75,543.75,543.75,543.75
2020-03-26,543.5,543.5,543.5,543.5
2020-03-27,545.75,545.75,545.75,545.75
2020-03-30,546.25,546.25,546.25,546.25
2020-03-31,546.0,546.0,546.0,546.0
2020-04-01,535.75,535.75,535.75,535.75
2020-04-02,523.75,523.75,523.75,523.75
2020-04-03,514.0,514.0,514.0,514.0
2020-04-06,512.5,512.5,512.5,512.5
2020-04-07,527.0,527.0,527.0,527.0
2020-04-08,534.75,534.75,534.75,534.75
2020-04-09,527.0,527.0,527.0,527.0
2020-04-13,521.75,521.75,521.75,521.75
2020-04-14,522.0,522.0,522.0,522.0
2020-04-15,522.25,522.25,522.25,522.25
2020-04-16,516.0,516.0,516.0,516.0
2020-04-17,519.5,519.5,519.5,519.5
2020-04-20,518.0,518.0,518.0,518.0
2020-04-21,504.0,504.0,504.0,504.0
2020-04-22,504.5,504.5,504.5,504.5
2020-04-23,508.5,508.5,508.5,508.5
2020-04-24,506.0,506.0,506.0,506.0
2020-04-27,503.75,503.75,503.75,503.75
2020-04-28,503.75,503.75,503.75,503.75
2020-04-29,504.0,504.0,504.0,504.0
2020-04-30,504.75,504.75,504.75,504.75
2020-05-01,481.0,481.0,481.0,481.0
2020-05-04,456.5,456.5,456.5,456.5
2020-05-05,457.5,457.5,457.5,457.5
2020-05-06,452.5,452.5,452.5,452.5
2020-05-07,452.5,452.5,452.5,452.5
2020-05-08,467.0,467.0,467.0,467.0
2020-05-11,467.0,467.0,467.0,467.0
2020-05-12,459.5,459.5,459.5,459.5
2020-05-13,465.5,465.5,465.5,465.5
2020-05-14,465.25,465.25,465.25,465.25
2020-05-15,472.5,472.5,472.5,472.5
2020-05-18,478.0,478.0,478.0,478.0
2020-05-19,482.5,482.5,482.5,482.5
2020-05-20,480.25,480.25,480.25,480.25
2020-05-21,483.75,483.75,483.75,483.75
2020-05-22,481.0,481.0,481.0,481.0
2020-05-26,481.0,481.0,481.0,481.0
2020-05-27,486.0,486.0,486.0,486.0
2020-05-28,485.75,485.75,485.75,485.75
2020-05-29,486.25,486.25,486.25,486.25
2020-06-01,527.75,527.75,527.75,527.75
2020-06-02,543.0,543.0,543.0,543.0
2020-06-03,559.0,559.0,559.0,559.0
2020-06-04,543.5,543.5,543.5,543.5
2020-06-05,548.5,548.5,548.5,548.5
2020-06-08,548.5,548.5,548.5,548.5
2020-06-09,556.0,556.0,556.0,556.0
2020-06-10,548.0,548.0,548.0,548.0
2020-06-11,552.5,552.5,552.5,552.5
2020-06-12,549.0,549.0,549.0,549.0
2020-06-15,542.5,542.5,542.5,542.5
2020-06-16,551.0,551.0,551.0,551.0
2020-06-17,551.0,551.0,551.0,551.0
2020-06-18,551.5,551.5,551.5,551.5
2020-06-19,560.75,560.75,560.75,560.75
2020-06-22,558.75,558.75,558.75,558.75
2020-06-23,560.25,560.25,560.25,560.25
2020-06-24,558.5,558.5,558.5,558.5
2020-06-25,556.75,556.75,556.75,556.75
2020-06-26,555.75,555.75,555.75,555.75
2020-06-29,555.0,555.0,555.0,555.0
2020-06-30,554.5,554.5,554.5,554.5
2020-07-01,541.75,541.75,541.75,541.75
2020-07-02,549.25,549.25,549.25,549.25
2020-07-06,555.75,555.75,555.75,555.75
2020-07-07,550.75,550.75,550.75,550.75
2020-07-08,557.75,557.75,557.75,557.75
2020-07-09,557.75,557.75,557.75,557.75
2020-07-10,558.25,558.25,558.25,558.25
2020-07-13,561.75,561.75,561.75,561.75
2020-07-14,571.0,571.0,571.0,571.0
2020-07-15,578.5,578.5,578.5,578.5
2020-07-16,577.25,577.25,577.25,577.25
2020-07-17,587.0,587.0,587.0,587.0
2020-07-20,592.0,592.0,592.0,592.0
2020-07-21,590.5,590.5,590.5,590.5
2020-07-22,592.0,592.0,592.0,592.0
2020-07-23,595.25,595.25,595.25,595.25
2020-07-24,598.75,598.75,598.75,598.75
2020-07-27,594.25,594.25,594.25,594.25
2020-07-28,592.25,592.25,592.25,592.25
2020-07-29,593.25,593.25,593.25,593.25
2020-07-30,593.5,593.5,593.5,593.5
2020-07-31,593.5,593.5,593.5,593.5
2020-08-03,640.0,640.0,640.0,640.0
2020-08-04,650.5,650.5,650.5,650.5
2020-08-05,642.0,642.0,642.0,642.0
2020-08-06,653.25,653.25,653.25,653.25
2020-08-07,651.75,651.75,651.75,651.75
2020-08-10,642.5,642.5,642.5,642.5
2020-08-11,631.5,631.5,631.5,631.5
2020-08-12,637.75,637.75,637.75,637.75
2020-08-13,642.75,642.75,642.75,642.75
2020-08-14,639.0,639.0,639.0,639.0
2020-08-17,643.5,643.5,643.5,643.5
2020-08-18,646.75,646.75,646.75,646.75
2020-08-19,649.5,649.5,649.5,649.5
2020-08-20,649.5,649.5,649.5,649.5
2020-08-21,645.25,645.25,645.25,645.25
2020-08-24,644.0,644.0,644.0,644.0
2020-08-25,642.0,642.0,642.0,642.0
2020-08-26,643.0,643.0,643.0,643.0
2020-08-27,644.0,644.0,644.0,644.0
2020-08-28,644.75,644.75,644.75,644.75
2020-08-31,644.75,644.75,644.75,644.75
2020-09-01,667.75,667.75,667.75,667.75
2020-09-02,673.75,673.75,673.75,673.75
2020-09-03,691.5,691.5,691.5,691.5
2020-09-04,679.0,679.0,679.0,679.0
2020-09-08,683.5,683.5,683.5,683.5
2020-09-09,672.75,672.75,672.75,672.75
2020-09-10,673.5,673.5,673.5,673.5
2020-09-11,674.0,674.0,674.0,674.0
2020-09-14,686.5,686.5,686.5,686.5
2020-09-15,693.5,693.5,693.5,693.5
2020-09-16,693.5,693.5,693.5,693.5
2020-09-17,700.5,700.5,700.5,700.5
2020-09-18,712.5,712.5,712.5,712.5
2020-09-21,706.75,706.75,706.75,706.75
2020-09-22,701.5,701.5,701.5,701.5
2020-09-23,694.0,694.0,694.0,694.0
2020-09-24,687.5,687.5,687.5,687.5
2020-09-25,690.5,690.5,690.5,690.5
2020-09-28,690.5,690.5,690.5,690.5
2020-09-29,689.5,689.5,689.5,689.5
2020-09-30,688.75,688.75,688.75,688.75
2020-10-01,668.5,668.5,668.5,668.5
2020-10-02,648.0,648.0,648.0,648.0
2020-10-05,651.5,651.5,651.5,651.5
2020-10-06,672.75,672.75,672.75,672.75
2020-10-07,681.0,681.0,681.0,681.0
2020-10-08,684.5,684.5,684.5,684.5
2020-10-09,688.5,688.5,688.5,688.5
2020-10-12,702.5,702.5,702.5,702.5
2020-10-13,702.25,702.25,702.25,702.25
2020-10-14,700.5,700.5,700.5,700.5
2020-10-15,691.75,691.75,691.75,691.75
2020-10-16,691.5,691.5,691.5,691.5
2020-10-19,682.5,682.5,682.5,682.5
2020-10-20,690.0,690.0,690.0,690.0
2020-10-21,692.5,692.5,692.5,692.5
2020-10-22,696.0,696.0,696.0,696.0
2020-10-23,696.0,696.0,696.0,696.0
2020-10-26,701.25,701.25,701.25,701.25
2020-10-27,701.25,701.25,701.25,701.25
2020-10-28,701.0,701.0,701.0,701.0
2020-10-29,701.0,701.0,701.0,701.0
2020-10-30,700.5,700.5,700.5,700.5
2020-11-02,707.0,707.0,707.0,707.0
2020-11-03,726.25,726.25,726.25,726.25
2020-11-04,729.25,729.25,729.25,729.25
2020-11-05,754.0,754.0,754.0,754.0
2020-11-06,752.25,752.25,752.25,752.25
2020-11-09,763.25,763.25,763.25,763.25
2020-11-10,769.5,769.5,769.5,769.5
2020-11-11,784.25,784.25,784.25,784.25
2020-11-12,789.0,789.0,789.0,789.0
2020-11-13,788.0,788.0,788.0,788.0
2020-11-16,787.5,787.5,787.5,787.5
2020-11-17,788.0,788.0,788.0,788.0
2020-11-18,797.5,797.5,797.5,797.5
2020-11-19,795.75,795.75,795.75,795.75
2020-11-20,791.75,791.75,791.75,791.75
2020-11-23,794.5,794.5,794.5,794.5
2020-11-24,789.75,789.75,789.75,789.75
2020-11-25,791.75,791.75,791.75,791.75
2020-11-27,792.5,792.5,792.5,792.5
2020-11-30,792.25,792.25,792.25,792.25
2020-12-01,812.75,812.75,812.75,812.75
2020-12-02,805.25,805.25,805.25,805.25
2020-12-03,807.0,807.0,807.0,807.0
2020-12-04,829.5,829.5,829.5,829.5
2020-12-07,818.75,818.75,818.75,818.75
2020-12-08,814.25,814.25,814.25,814.25
2020-12-09,813.5,813.5,813.5,813.5
2020-12-10,821.5,821.5,821.5,821.5
2020-12-11,823.25,823.25,823.25,823.25
2020-12-14,831.5,831.5,831.5,831.5
2020-12-15,829.25,829.25,829.25,829.25
2020-12-16,831.75,831.75,831.75,831.75
2020-12-17,834.0,834.0,834.0,834.0
2020-12-18,841.0,841.0,841.0,841.0
2020-12-21,837.25,837.25,837.25,837.25
2020-12-22,837.0,837.0,837.0,837.0
2020-12-23,844.75,844.75,844.75,844.75
2020-12-24,847.0,847.0,847.0,847.0
2020-12-28,845.75,845.75,845.75,845.75
2020-12-29,846.25,846.25,846.25,846.25
2020-12-30,847.25,847.25,847.25,847.25
2020-12-31,847.75,847.75,847.75,847.75
2021-01-04,915.0,915.0,915.0,915.0
2021-01-05,919.5,919.5,919.5,919.5
2021-01-06,945.25,945.25,945.25,945.25
2021-01-07,934.0,934.0,934.0,934.0
2021-01-08,932.5,932.5,932.5,932.5
2021-01-11,927.25,927.25,927.25,927.25
2021-01-12,906.0,906.0,906.0,906.0
2021-01-13,908.25,908.25,908.25,908.25
2021-01-14,886.75,886.75,886.75,886.75
2021-01-15,874.75,874.75,874.75,874.75
2021-01-19,868.25,868.25,868.25,868.25
2021-01-20,864.0,864.0,864.0,864.0
2021-01-21,869.75,869.75,869.75,869.75
2021-01-22,869.5,869.5,869.5,869.5
2021-01-25,867.0,867.0,867.0,867.0
2021-01-26,868.0,868.0,868.0,868.0
2021-01-27,871.25,871.25,871.25,871.25
2021-01-28,871.25,871.25,871.25,871.25
2021-02-01,845.75,845.75,845.75,845.75
2021-02-02,823.25,823.25,823.25,823.25
2021-02-03,786.75,786.75,786.75,786.75
2021-02-04,801.5,801.5,801.5,801.5
2021-02-05,807.25,807.25,807.25,807.25
2021-02-08,818.25,818.25,818.25,818.25
2021-02-09,841.0,841.0,841.0,841.0
2021-02-10,851.25,851.25,851.25,851.25
2021-02-11,839.25,839.25,839.25,839.25
2021-02-12,839.25,839.25,839.25,839.25
2021-02-16,866.75,866.75,866.75,866.75
2021-02-17,876.5,876.5,876.5,876.5
2021-02-18,863.0,863.0,863.0,863.0
2021-02-19,865.25,865.25,865.25,865.25
2021-02-22,867.0,867.0,867.0,867.0
2021-02-23,874.0,874.0,874.0,874.0
2021-02-24,873.0,873.0,873.0,873.0
2021-02-25,876.75,876.75,876.75,876.75
2021-02-26,876.0,876.0,876.0,876.0
2021-03-01,891.5,891.5,891.5,891.5
2021-03-02,881.75,881.75,881.75,881.75
2021-03-03,890.5,890.5,890.5,890.5
2021-03-04,899.75,899.75,899.75,899.75
2021-03-05,898.75,898.75,898.75,898.75
2021-03-08,922.25,922.25,922.25,922.25
2021-03-09,923.25,923.25,923.25,923.25
2021-03-10,933.25,933.25,933.25,933.25
2021-03-11,947.5,947.5,947.5,947.5
2021-03-12,958.25,958.25,958.25,958.25
2021-03-15,962.25,962.25,962.25,962.25
2021-03-16,946.75,946.75,946.75,946.75
2021-03-17,950.75,950.75,950.75,950.75
2021-03-18,937.25,937.25,937.25,937.25
2021-03-19,929.25,929.25,929.25,929.25
2021-03-22,940.0,940.0,940.0,940.0
2021-03-23,946.25,946.25,946.25,946.25
2021-03-24,944.75,944.75,944.75,944.75
2021-03-25,941.25,941.25,941.25,941.25
2021-03-26,933.5,933.5,933.5,933.5
2021-03-29,935.5,935.5,935.5,935.5
2021-03-30,931.75,931.75,931.75,931.75
2021-03-31,932.0,932.0,932.0,932.0
2021-04-01,883.0,883.0,883.0,883.0
2021-04-05,883.25,883.25,883.25,883.25
2021-04-06,897.75,897.75,897.75,897.75
2021-04-07,906.75,906.75,906.75,906.75
2021-04-08,893.25,893.25,893.25,893.25
2021-04-09,886.75,886.75,886.75,886.75
2021-04-12,868.0,868.0,868.0,868.0
2021-04-13,879.25,879.25,879.25,879.25
2021-04-14,880.25,880.25,880.25,880.25
2021-04-15,890.25,890.25,890.25,890.25
2021-04-16,904.75,904.75,904.75,904.75
2021-04-19,903.75,903.75,903.75,903.75
2021-04-20,913.5,913.5,913.5,913.5
2021-04-21,920.75,920.75,920.75,920.75
2021-04-22,927.75,927.75,927.75,927.75
2021-04-23,924.25,924.25,924.25,924.25
2021-04-26,922.75,922.75,922.75,922.75
2021-04-27,929.25,929.25,929.25,929.25
2021-04-28,926.0,926.0,926.0,926.0
2021-04-29,926.0,926.0,926.0,926.0
2021-05-03,962.75,962.75,962.75,962.75
2021-05-04,958.75,958.75,958.75,958.75
2021-05-05,956.5,956.5,956.5,956.5
2021-05-06,991.25,991.25,991.25,991.25
2021-05-07,1029.0,1029.0,1029.0,1029.0
2021-05-10,1019.25,1019.25,1019.25,1019.25
2021-05-11,1014.0,1014.0,1014.0,1014.0
2021-05-12,1036.0,1036.0,1036.0,1036.0
2021-05-13,1036.0,1036.0,1036.0,1036.0
2021-05-14,1036.0,1036.0,1036.0,1036.0
2021-05-17,1029.25,1029.25,1029.25,1029.25
2021-05-18,1056.25,1056.25,1056.25,1056.25
2021-05-19,1039.5,1039.5,1039.5,1039.5
2021-05-20,1020.25,1020.25,1020.25,1020.25
2021-05-21,1010.25,1010.25,1010.25,1010.25
2021-05-24,1003.75,1003.75,1003.75,1003.75
2021-05-25,1010.75,1010.75,1010.75,1010.75
2021-05-26,1010.75,1010.75,1010.75,1010.75
2021-05-27,1006.5,1006.5,1006.5,1006.5
2021-05-28,1009.0,1009.0,1009.0,1009.0
2021-06-01,936.25,936.25,936.25,936.25
2021-06-02,982.5,982.5,982.5,982.5
2021-06-03,995.0,995.0,995.0,995.0
2021-06-04,989.0,989.0,989.0,989.0
2021-06-07,989.0,989.0,989.0,989.0
2021-06-08,976.5,976.5,976.5,976.5
2021-06-09,945.0,945.0,945.0,945.0
2021-06-10,940.5,940.5,940.5,940.5
2021-06-11,912.5,912.5,912.5,912.5
2021-06-14,873.25,873.25,873.25,873.25
2021-06-15,897.75,897.75,897.75,897.75
2021-06-16,879.75,879.75,879.75,879.75
2021-06-17,875.0,875.0,875.0,875.0
2021-06-18,879.25,879.25,879.25,879.25
2021-06-21,875.75,875.75,875.75,875.75
2021-06-22,875.75,875.75,875.75,875.75
2021-06-23,878.5,878.5,878.5,878.5
2021-06-24,877.0,877.0,877.0,877.0
2021-06-25,882.0,882.0,882.0,882.0
2021-06-28,881.75,881.75,881.75,881.75
2021-06-29,882.75,882.75,882.75,882.75
2021-06-30,883.25,883.25,883.25,883.25
2021-07-01,882.75,882.75,882.75,882.75
2021-07-02,900.5,900.5,900.5,900.5
2021-07-06,917.25,917.25,917.25,917.25
2021-07-07,905.75,905.75,905.75,905.75
2021-07-08,898.0,898.0,898.0,898.0
2021-07-09,915.25,915.25,915.25,915.25
2021-07-12,913.5,913.5,913.5,913.5
2021-07-13,929.0,929.0,929.0,929.0
2021-07-14,934.5,934.5,934.5,934.5
2021-07-15,953.75,953.75,953.75,953.75
2021-07-16,956.25,956.25,956.25,956.25
2021-07-19,956.0,956.0,956.0,956.0
2021-07-20,956.0,956.0,956.0,956.0
2021-07-21,953.75,953.75,953.75,953.75
2021-07-22,952.5,952.5,952.5,952.5
2021-07-23,963.0,963.0,963.0,963.0
2021-07-26,969.0,969.0,969.0,969.0
2021-07-27,970.75,970.75,970.75,970.75
2021-07-28,966.75,966.75,966.75,966.75
2021-07-29,969.5,969.5,969.5,969.5
2021-07-30,968.75,968.75,968.75,968.75
2021-08-02,958.0,958.0,958.0,958.0
2021-08-03,962.25,962.25,962.25,962.25
2021-08-04,992.0,992.0,992.0,992.0
2021-08-05,979.5,979.5,979.5,979.5
2021-08-06,993.75,993.75,993.75,993.75
2021-08-09,981.25,981.25,981.25,981.25
2021-08-10,981.25,981.25,981.25,981.25
2021-08-11,1029.0,1029.0,1029.0,1029.0
2021-08-12,1025.5,1025.5,1025.5,1025.5
2021-08-13,1029.25,1029.25,1029.25,1029.25
2021-08-16,1034.75,1034.75,1034.75,1034.75
2021-08-17,1030.5,1030.5,1030.5,1030.5
2021-08-18,1019.5,1019.5,1019.5,1019.5
2021-08-19,1013.0,1013.0,1013.0,1013.0
2021-08-20,1015.5,1015.5,1015.5,1015.5
2021-08-23,1019.75,1019.75,1019.75,1019.75
2021-08-24,1019.75,1019.75,1019.75,1019.75
2021-08-25,1022.75,1022.75,1022.75,1022.75
2021-08-26,1024.5,1024.5,1024.5,1024.5
2021-08-27,1023.0,1023.0,1023.0,1023.0
2021-08-30,1022.5,1022.5,1022.5,1022.5
2021-08-31,1022.5,1022.5,1022.5,1022.5
2021-09-01,996.75,996.75,996.75,996.75
2021-09-02,1009.75,1009.75,1009.75,1009.75
2021-09-03,1024.5,1024.5,1024.5,1024.5
2021-09-07,1042.25,1042.25,1042.25,1042.25
2021-09-08,1055.5,1055.5,1055.5,1055.5
2021-09-09,1042.75,1042.75,1042.75,1042.75
2021-09-10,1025.25,1025.25,1025.25,1025.25
2021-09-13,1030.75,1030.75,1030.75,1030.75
2021-09-14,1032.25,1032.25,1032.25,1032.25
2021-09-15,1042.5,1042.5,1042.5,1042.5
2021-09-16,1042.5,1042.5,1042.5,1042.5
2021-09-17,1033.5,1033.5,1033.5,1033.5
2021-09-20,1022.75,1022.75,1022.75,1022.75
2021-09-21,1024.5,1024.5,1024.5,1024.5
2021-09-22,1035.75,1035.75,1035.75,1035.75
2021-09-23,1043.5,1043.5,1043.5,1043.5
2021-09-24,1043.75,1043.75,1043.75,1043.75
2021-09-27,1041.5,1041.5,1041.5,1041.5
2021-09-28,1043.25,1043.25,1043.25,1043.25
2021-09-29,1043.25,1043.25,1043.25,1043.25
2021-09-30,1045.0,1045.0,1045.0,1045.0
2021-10-01,1066.75,1066.75,1066.75,1066.75
2021-10-04,1087.75,1087.75,1087.75,1087.75
2021-10-05,1119.0,1119.0,1119.0,1119.0
2021-10-06,1145.75,1145.75,1145.75,1145.75
2021-10-07,1141.0,1141.0,1141.0,1141.0
2021-10-08,1162.0,1162.0,1162.0,1162.0
2021-10-11,1162.75,1162.75,1162.75,1162.75
2021-10-12,1146.75,1146.75,1146.75,1146.75
2021-10-13,1171.75,1171.75,1171.75,1171.75
2021-10-14,1153.75,1153.75,1153.75,1153.75
2021-10-15,1163.5,1163.5,1163.5,1163.5
2021-10-18,1172.25,1172.25,1172.25,1172.25
2021-10-19,1172.25,1172.25,1172.25,1172.25
2021-10-20,1185.25,1185.25,1185.25,1185.25
2021-10-21,1176.25,1176.25,1176.25,1176.25
2021-10-22,1173.0,1173.0,1173.0,1173.0
2021-10-25,1176.25,1176.25,1176.25,1176.25
2021-10-26,1178.5,1178.5,1178.5,1178.5
2021-10-27,1176.75,1176.75,1176.75,1176.75
2021-10-28,1175.75,1175.75,1175.75,1175.75
2021-10-29,1177.0,1177.0,1177.0,1177.0
2021-11-01,1177.5,1177.5,1177.5,1177.5
2021-11-02,1178.5,1178.5,1178.5,1178.5
2021-11-03,1198.25,1198.25,1198.25,1198.25
2021-11-04,1198.25,1198.25,1198.25,1198.25
2021-11-05,1156.25,1156.25,1156.25,1156.25
2021-11-08,1160.25,1160.25,1160.25,1160.25
2021-11-09,1140.0,1140.0,1140.0,1140.0
2021-11-10,1161.25,1161.25,1161.25,1161.25
2021-11-11,1153.0,1153.0,1153.0,1153.0
2021-11-12,1159.5,1159.5,1159.5,1159.5
2021-11-15,1164.5,1164.5,1164.5,1164.5
2021-11-16,1167.25,1167.25,1167.25,1167.25
2021-11-17,1178.25,1178.25,1178.25,1178.25
2021-11-18,1187.5,1187.5,1187.5,1187.5
2021-11-19,1187.0,1187.0,1187.0,1187.0
2021-11-22,1183.75,1183.75,1183.75,1183.75
2021-11-23,1176.25,1176.25,1176.25,1176.25
2021-11-24,1178.75,1178.75,1178.75,1178.75
2021-11-26,1175.0,1175.0,1175.0,1175.0
2021-11-29,1175.25,1175.25,1175.25,1175.25
2021-11-30,1173.25,1173.25,1173.25,1173.25
2021-12-01,1087.5,1087.5,1087.5,1087.5
2021-12-02,1074.0,1074.0,1074.0,1074.0
2021-12-03,1074.0,1074.0,1074.0,1074.0
2021-12-06,1095.25,1095.25,1095.25,1095.25
2021-12-07,1130.5,1130.5,1130.5,1130.5
2021-12-08,1115.25,1115.25,1115.25,1115.25
2021-12-09,1106.25,1106.25,1106.25,1106.25
2021-12-10,1107.25,1107.25,1107.25,1107.25
2021-12-13,1106.25,1106.25,1106.25,1106.25
2021-12-14,1088.25,1088.25,1088.25,1088.25
2021-12-15,1059.75,1059.75,1059.75,1059.75
2021-12-16,1078.0,1078.0,1078.0,1078.0
2021-12-17,1081.5,1081.5,1081.5,1081.5
2021-12-20,1067.25,1067.25,1067.25,1067.25
2021-12-21,1076.75,1076.75,1076.75,1076.75
2021-12-22,1083.25,1083.25,1083.25,1083.25
2021-12-23,1085.5,1085.5,1085.5,1085.5
2021-12-27,1095.25,1095.25,1095.25,1095.25
2021-12-28,1103.0,1103.0,1103.0,1103.0
2021-12-29,1100.5,1100.5,1100.5,1100.5
2021-12-30,1100.5,1100.5,1100.5,1100.5
2021-12-31,1100.5,1100.5,1100.5,1100.5
2022-01-03,1142.0,1142.0,1142.0,1142.0
2022-01-04,1150.0,1150.0,1150.0,1150.0
2022-01-05,1174.25,1174.25,1174.25,1174.25
2022-01-06,1161.0,1161.0,1161.0,1161.0
2022-01-07,1162.75,1162.75,1162.75,1162.75
2022-01-10,1169.5,1169.5,1169.5,1169.5
2022-01-11,1179.0,1179.0,1179.0,1179.0
2022-01-12,1177.75,1177.75,1177.75,1177.75
2022-01-13,1197.0,1197.0,1197.0,1197.0
2022-01-14,1192.0,1192.0,1192.0,1192.0
2022-01-18,1200.5,1200.5,1200.5,1200.5
2022-01-19,1209.5,1209.5,1209.5,1209.5
2022-01-20,1216.25,1216.25,1216.25,1216.25
2022-01-21,1227.0,1227.0,1227.0,1227.0
2022-01-24,1223.0,1223.0,1223.0,1223.0
2022-01-25,1224.25,1224.25,1224.25,1224.25
2022-01-26,1226.25,1226.25,1226.25,1226.25
2022-01-27,1229.75,1229.75,1229.75,1229.75
2022-01-28,1234.5,1234.5,1234.5,1234.5
2022-01-31,1234.0,1234.0,1234.0,1234.0
2022-02-01,1313.0,1313.0,1313.0,1313.0
2022-02-02,1313.0,1313.0,1313.0,1313.0
2022-02-03,1297.25,1297.25,1297.25,1297.25
2022-02-04,1322.25,1322.25,1322.25,1322.25
2022-02-07,1307.5,1307.5,1307.5,1307.5
2022-02-08,1292.5,1292.5,1292.5,1292.5
2022-02-09,1317.0,1317.0,1317.0,1317.0
2022-02-10,1305.5,1305.5,1305.5,1305.5
2022-02-11,1309.0,1309.0,1309.0,1309.0
2022-02-14,1321.5,1321.5,1321.5,1321.5
2022-02-15,1319.25,1319.25,1319.25,1319.25
2022-02-16,1314.25,1314.25,1314.25,1314.25
2022-02-17,1322.5,1322.5,1322.5,1322.5
2022-02-18,1325.5,1325.5,1325.5,1325.5
2022-02-22,1347.25,1347.25,1347.25,1347.25
2022-02-23,1354.75,1354.75,1354.75,1354.75
2022-02-24,1373.0,1373.0,1373.0,1373.0
2022-02-25,1360.0,1360.0,1360.0,1360.0
2022-02-28,1364.25,1364.25,1364.25,1364.25
2022-03-01,1550.0,1550.0,1550.0,1550.0
2022-03-02,1537.75,1537.75,1537.75,1537.75
2022-03-03,1581.25,1581.25,1581.25,1581.25
2022-03-04,1485.25,1485.25,1485.25,1485.25
2022-03-07,1543.0,1543.0,1543.0,1543.0
2022-03-08,1509.75,1509.75,1509.75,1509.75
2022-03-09,1611.75,1611.75,1611.75,1611.75
2022-03-10,1579.25,1579.25,1579.25,1579.25
2022-03-11,1539.0,1539.0,1539.0,1539.0
2022-03-14,1498.75,1498.75,1498.75,1498.75
2022-03-15,1474.5,1474.5,1474.5,1474.5
2022-03-16,1509.0,1509.0,1509.0,1509.0
2022-03-17,1496.0,1496.0,1496.0,1496.0
2022-03-18,1462.0,1462.0,1462.0,1462.0
2022-03-21,1475.75,1475.75,1475.75,1475.75
2022-03-22,1490.25,1490.25,1490.25,1490.25
2022-03-23,1505.75,1505.75,1505.75,1505.75
2022-03-24,1489.5,1489.5,1489.5,1489.5
2022-03-25,1494.5,1494.5,1494.5,1494.5
2022-03-28,1493.0,1493.0,1493.0,1493.0
2022-03-29,1493.75,1493.75,1493.75,1493.75
2022-03-30,1492.5,1492.5,1492.5,1492.5
2022-03-31,1490.25,1490.25,1490.25,1490.25
2022-04-01,1299.75,1299.75,1299.75,1299.75
2022-04-04,1322.5,1322.5,1322.5,1322.5
2022-04-05,1370.5,1370.5,1370.5,1370.5
2022-04-06,1371.25,1371.25,1371.25,1371.25
2022-04-07,1357.75,1357.75,1357.75,1357.75
2022-04-08,1375.5,1375.5,1375.5,1375.5
2022-04-11,1386.5,1386.5,1386.5,1386.5
2022-04-12,1412.25,1412.25,1412.25,1412.25
2022-04-13,1407.75,1407.75,1407.75,1407.75
2022-04-14,1430.0,1430.0,1430.0,1430.0
2022-04-18,1465.5,1465.5,1465.5,1465.5
2022-04-19,1465.5,1465.5,1465.5,1465.5
2022-04-20,1446.25,1446.25,1446.25,1446.25
2022-04-21,1445.75,1445.75,1445.75,1445.75
2022-04-22,1446.5,1446.5,1446.5,1446.5
2022-04-25,1435.75,1435.75,1435.75,1435.75
2022-04-26,1443.25,1443.25,1443.25,1443.25
2022-04-27,1463.25,1463.25,1463.25,1463.25
2022-04-28,1461.5,1461.5,1461.5,1461.5
2022-04-29,1463.75,1463.75,1463.75,1463.75
2022-05-02,1588.5,1588.5,1588.5,1588.5
2022-05-03,1588.5,1588.5,1588.5,1588.5
2022-05-04,1588.5,1588.5,1588.5,1588.5
2022-05-05,1509.25,1509.25,1509.25,1509.25
2022-05-06,1434.25,1434.25,1434.25,1434.25
2022-05-09,1437.5,1437.5,1437.5,1437.5
2022-05-10,1421.5,1421.5,1421.5,1421.5
2022-05-11,1448.25,1448.25,1448.25,1448.25
2022-05-12,1426.0,1426.0,1426.0,1426.0
2022-05-13,1425.5,1425.5,1425.5,1425.5
2022-05-16,1425.5,1425.5,1425.5,1425.5
2022-05-17,1422.75,1422.75,1422.75,1422.75
2022-05-18,1425.25,1425.25,1425.25,1425.25
2022-05-19,1416.0,1416.0,1416.0,1416.0
2022-05-20,1421.25,1421.25,1421.25,1421.25
2022-05-23,1435.5,1435.5,1435.5,1435.5
2022-05-24,1451.75,1451.75,1451.75,1451.75
2022-05-25,1445.75,1445.75,1445.75,1445.75
2022-05-26,1452.75,1452.75,1452.75,1452.75
2022-05-27,1446.75,1446.75,1446.75,1446.75
2022-05-31,1445.0,1445.0,1445.0,1445.0
2022-06-01,1427.5,1427.5,1427.5,1427.5
2022-06-02,1444.75,1444.75,1444.75,1444.75
2022-06-03,1447.0,1447.0,1447.0,1447.0
2022-06-06,1447.0,1447.0,1447.0,1447.0
2022-06-07,1455.5,1455.5,1455.5,1455.5
2022-06-08,1451.25,1451.25,1451.25,1451.25
2022-06-09,1408.0,1408.0,1408.0,1408.0
2022-06-10,1359.75,1359.75,1359.75,1359.75
2022-06-13,1339.25,1339.25,1339.25,1339.25
2022-06-14,1348.5,1348.5,1348.5,1348.5
2022-06-15,1328.0,1328.0,1328.0,1328.0
2022-06-16,1319.25,1319.25,1319.25,1319.25
2022-06-17,1317.25,1317.25,1317.25,1317.25
2022-06-21,1271.0,1271.0,1271.0,1271.0
2022-06-22,1234.25,1234.25,1234.25,1234.25
2022-06-23,1249.75,1249.75,1249.75,1249.75
2022-06-24,1245.5,1245.5,1245.5,1245.5
2022-06-27,1256.75,1256.75,1256.75,1256.75
2022-06-28,1259.0,1259.0,1259.0,1259.0
2022-06-29,1257.25,1257.25,1257.25,1257.25
2022-06-30,1257.25,1257.25,1257.25,1257.25
2022-07-01,1066.25,1066.25,1066.25,1066.25
2022-07-05,954.0,954.0,954.0,954.0
2022-07-06,930.5,930.5,930.5,930.5
2022-07-07,948.5,948.5,948.5,948.5
2022-07-08,951.25,951.25,951.25,951.25
2022-07-11,951.25,951.25,951.25,951.25
2022-07-12,941.25,941.25,941.25,941.25
2022-07-13,889.5,889.5,889.5,889.5
2022-07-14,866.25,866.25,866.25,866.25
2022-07-15,866.75,866.75,866.75,866.75
2022-07-18,902.25,902.25,902.25,902.25
2022-07-19,888.0,888.0,888.0,888.0
2022-07-20,899.5,899.5,899.5,899.5
2022-07-21,882.25,882.25,882.25,882.25
2022-07-22,881.25,881.25,881.25,881.25
2022-07-25,878.0,878.0,878.0,878.0
2022-07-26,884.25,884.25,884.25,884.25
2022-07-27,885.5,885.5,885.5,885.5
2022-07-28,888.75,888.75,888.75,888.75
2022-07-29,892.5,892.5,892.5,892.5
2022-08-01,915.5,915.5,915.5,915.5
2022-08-02,867.75,867.75,867.75,867.75
2022-08-03,870.75,870.75,870.75,870.75
2022-08-04,861.25,861.25,861.25,861.25
2022-08-05,871.5,871.5,871.5,871.5
2022-08-08,903.5,903.5,903.5,903.5
2022-08-09,912.75,912.75,912.75,912.75
2022-08-10,910.5,910.5,910.5,910.5
2022-08-11,934.25,934.25,934.25,934.25
2022-08-12,954.25,954.25,954.25,954.25
2022-08-15,919.5,919.5,919.5,919.5
2022-08-16,923.0,923.0,923.0,923.0
2022-08-17,924.25,924.25,924.25,924.25
2022-08-18,910.0,910.0,910.0,910.0
2022-08-19,913.5,913.5,913.5,913.5
2022-08-22,918.0,918.0,918.0,918.0
2022-08-23,922.25,922.25,922.25,922.25
2022-08-24,926.0,926.0,926.0,926.0
2022-08-25,924.25,924.25,924.25,924.25
2022-08-26,921.75,921.75,921.75,921.75
2022-08-29,921.5,921.5,921.5,921.5
2022-08-30,921.25,921.25,921.25,921.25
2022-08-31,921.25,921.25,921.25,921.25
2022-09-01,893.0,893.0,893.0,893.0
2022-09-02,876.75,876.75,876.75,876.75
2022-09-06,852.5,852.5,852.5,852.5
2022-09-07,832.0,832.0,832.0,832.0
2022-09-08,808.75,808.75,808.75,808.75
2022-09-09,818.25,818.25,818.25,818.25
2022-09-12,829.75,829.75,829.75,829.75
2022-09-13,859.25,859.25,859.25,859.25
2022-09-14,854.0,854.0,854.0,854.0
2022-09-15,837.75,837.75,837.75,837.75
2022-09-16,837.75,837.75,837.75,837.75
2022-09-19,828.0,828.0,828.0,828.0
2022-09-20,830.75,830.75,830.75,830.75
2022-09-21,842.25,842.25,842.25,842.25
2022-09-22,837.75,837.75,837.75,837.75
2022-09-23,832.0,832.0,832.0,832.0
2022-09-26,821.0,821.0,821.0,821.0
2022-09-27,819.75,819.75,819.75,819.75
2022-09-28,810.25,810.25,810.25,810.25
2022-09-29,812.25,812.25,812.25,812.25
2022-09-30,813.25,813.25,813.25,813.25
2022-10-03,741.0,741.0,741.0,741.0
2022-10-04,781.5,781.5,781.5,781.5
2022-10-05,787.0,787.0,787.0,787.0
2022-10-06,798.0,798.0,798.0,798.0
2022-10-07,819.0,819.0,819.0,819.0
2022-10-10,819.0,819.0,819.0,819.0
2022-10-11,792.75,792.75,792.75,792.75
2022-10-12,798.5,798.5,798.5,798.5
2022-10-13,788.0,788.0,788.0,788.0
2022-10-14,807.25,807.25,807.25,807.25
2022-10-17,808.25,808.25,808.25,808.25
2022-10-18,820.25,820.25,820.25,820.25
2022-10-19,829.5,829.5,829.5,829.5
2022-10-20,827.5,827.5,827.5,827.5
2022-10-21,827.25,827.25,827.25,827.25
2022-10-24,827.25,827.25,827.25,827.25
2022-10-25,828.5,828.5,828.5,828.5
2022-10-26,828.75,828.75,828.75,828.75
2022-10-27,830.25,830.25,830.25,830.25
2022-10-28,826.75,826.75,826.75,826.75
2022-10-31,827.0,827.0,827.0,827.0
2022-11-01,897.0,897.0,897.0,897.0
2022-11-02,928.75,928.75,928.75,928.75
2022-11-03,917.25,917.25,917.25,917.25
2022-11-04,923.5,923.5,923.5,923.5
2022-11-07,935.25,935.25,935.25,935.25
2022-11-08,923.25,923.25,923.25,923.25
2022-11-09,898.75,898.75,898.75,898.75
2022-11-10,898.25,898.25,898.25,898.25
2022-11-11,922.75,922.75,922.75,922.75
2022-11-14,907.25,907.25,907.25,907.25
2022-11-15,896.5,896.5,896.5,896.5
2022-11-16,898.5,898.5,898.5,898.5
2022-11-17,880.0,880.0,880.0,880.0
2022-11-18,880.0,880.0,880.0,880.0
2022-11-21,878.5,878.5,878.5,878.5
2022-11-22,889.5,889.5,889.5,889.5
2022-11-23,896.0,896.0,896.0,896.0
2022-11-25,901.75,901.75,901.75,901.75
2022-11-28,901.75,901.75,901.75,901.75
2022-11-29,901.25,901.25,901.25,901.25
2022-11-30,901.5,901.5,901.5,901.5
2022-12-01,926.5,926.5,926.5,926.5
2022-12-02,901.75,901.75,901.75,901.75
2022-12-05,911.75,911.75,911.75,911.75
2022-12-06,934.25,934.25,934.25,934.25
2022-12-07,908.5,908.5,908.5,908.5
2022-12-08,902.75,902.75,902.75,902.75
2022-12-09,913.25,913.25,913.25,913.25
2022-12-12,870.0,870.0,870.0,870.0
2022-12-13,888.5,888.5,888.5,888.5
2022-12-14,899.25,899.25,899.25,899.25
2022-12-15,890.75,890.75,890.75,890.75
2022-12-16,891.5,891.5,891.5,891.5
2022-12-19,893.0,893.0,893.0,893.0
2022-12-20,887.0,887.0,887.0,887.0
2022-12-21,893.5,893.5,893.5,893.5
2022-12-22,889.75,889.75,889.75,889.75
2022-12-23,886.25,886.25,886.25,886.25
2022-12-27,898.25,898.25,898.25,898.25
2022-12-28,897.5,897.5,897.5,897.5
2022-12-29,897.75,897.75,897.75,897.75
2022-12-30,898.75,898.75,898.75,898.75
2023-01-03,964.5,964.5,964.5,964.5
2023-01-04,945.25,945.25,945.25,945.25
2023-01-05,931.0,931.0,931.0,931.0
2023-01-06,925.25,925.25,925.25,925.25
2023-01-09,941.75,941.75,941.75,941.75
2023-01-10,921.0,921.0,921.0,921.0
2023-01-11,908.25,908.25,908.25,908.25
2023-01-12,909.5,909.5,909.5,909.5
2023-01-13,903.5,903.5,903.5,903.5
2023-01-17,898.75,898.75,898.75,898.75
2023-01-18,905.25,905.25,905.25,905.25
2023-01-19,908.25,908.25,908.25,908.25
2023-01-20,910.25,910.25,910.25,910.25
2023-01-23,910.25,910.25,910.25,910.25
2023-01-24,910.25,910.25,910.25,910.25
2023-01-25,902.75,902.75,902.75,902.75
2023-01-26,905.0,905.0,905.0,905.0
2023-01-27,910.25,910.25,910.25,910.25
2023-01-30,911.0,911.0,911.0,911.0
2023-01-31,909.25,909.25,909.25,909.25
2023-02-01,897.25,897.25,897.25,897.25
2023-02-02,887.5,887.5,887.5,887.5
2023-02-03,902.25,902.25,902.25,902.25
2023-02-06,902.25,902.25,902.25,902.25
2023-02-07,913.5,913.5,913.5,913.5
2023-02-08,925.5,925.5,925.5,925.5
2023-02-09,919.75,919.75,919.75,919.75
2023-02-10,909.25,909.25,909.25,909.25
2023-02-13,904.25,904.25,904.25,904.25
2023-02-14,909.75,909.75,909.75,909.75
2023-02-15,904.75,904.75,904.75,904.75
2023-02-16,915.75,915.75,915.75,915.75
2023-02-17,919.75,919.75,919.75,919.75
2023-02-21,920.75,920.75,920.75,920.75
2023-02-22,920.75,920.75,920.75,920.75
2023-02-23,925.5,925.5,925.5,925.5
2023-02-24,924.25,924.25,924.25,924.25
2023-02-27,924.0,924.0,924.0,924.0
2023-02-28,923.0,923.0,923.0,923.0
2023-03-01,929.5,929.5,929.5,929.5
2023-03-02,955.5,955.5,955.5,955.5
2023-03-03,967.75,967.75,967.75,967.75
2023-03-06,955.75,955.75,955.75,955.75
2023-03-07,940.0,940.0,940.0,940.0
2023-03-08,929.25,929.25,929.25,929.25
2023-03-09,931.25,931.25,931.25,931.25
2023-03-10,913.75,913.75,913.75,913.75
2023-03-13,908.5,908.5,908.5,908.5
2023-03-14,901.75,901.75,901.75,901.75
2023-03-15,906.75,906.75,906.75,906.75
2023-03-16,899.5,899.5,899.5,899.5
2023-03-17,899.75,899.75,899.75,899.75
2023-03-20,887.5,887.5,887.5,887.5
2023-03-21,887.5,887.5,887.5,887.5
2023-03-22,878.25,878.25,878.25,878.25
2023-03-23,874.0,874.0,874.0,874.0
2023-03-24,871.0,871.0,871.0,871.0
2023-03-27,874.0,874.0,874.0,874.0
2023-03-28,879.5,879.5,879.5,879.5
2023-03-29,880.0,880.0,880.0,880.0
2023-03-30,881.25,881.25,881.25,881.25
2023-03-31,881.0,881.0,881.0,881.0
2023-04-03,868.5,868.5,868.5,868.5
2023-04-04,888.75,888.75,888.75,888.75
2023-04-05,870.5,870.5,870.5,870.5
2023-04-06,859.75,859.75,859.75,859.75
2023-04-07,859.75,859.75,859.75,859.75
2023-04-10,858.25,858.25,858.25,858.25
2023-04-11,863.75,863.75,863.75,863.75
2023-04-12,849.0,849.0,849.0,849.0
2023-04-13,843.75,843.75,843.75,843.75
2023-04-14,842.0,842.0,842.0,842.0
2023-04-17,846.75,846.75,846.75,846.75
2023-04-18,859.75,859.75,859.75,859.75
2023-04-19,856.25,856.25,856.25,856.25
2023-04-20,854.5,854.5,854.5,854.5
2023-04-21,854.5,854.5,854.5,854.5
2023-04-24,854.5,854.5,854.5,854.5
2023-04-25,850.75,850.75,850.75,850.75
2023-04-26,847.5,847.5,847.5,847.5
2023-04-27,844.75,844.75,844.75,844.75
2023-04-28,843.25,843.25,843.25,843.25
2023-05-01,747.25,747.25,747.25,747.25
2023-05-02,762.25,762.25,762.25,762.25
2023-05-03,762.5,762.5,762.5,762.5
2023-05-04,762.5,762.5,762.5,762.5
2023-05-05,799.5,799.5,799.5,799.5
2023-05-08,830.0,830.0,830.0,830.0
2023-05-09,832.0,832.0,832.0,832.0
2023-05-10,816.75,816.75,816.75,816.75
2023-05-11,798.75,798.75,798.75,798.75
2023-05-12,802.25,802.25,802.25,802.25
2023-05-15,794.5,794.5,794.5,794.5
2023-05-16,787.25,787.25,787.25,787.25
2023-05-17,782.75,782.75,782.75,782.75
2023-05-18,778.0,778.0,778.0,778.0
2023-05-19,784.5,784.5,784.5,784.5
2023-05-22,781.0,781.0,781.0,781.0
2023-05-23,776.25,776.25,776.25,776.25
2023-05-24,776.75,776.75,776.75,776.75
2023-05-25,780.0,780.0,780.0,780.0
2023-05-26,782.25,782.25,782.25,782.25
2023-05-30,779.25,779.25,779.25,779.25
2023-05-31,777.25,777.25,777.25,777.25
2023-06-01,711.75,711.75,711.75,711.75
2023-06-02,734.75,734.75,734.75,734.75
2023-06-05,734.75,734.75,734.75,734.75
2023-06-06,721.25,721.25,721.25,721.25
2023-06-07,721.0,721.0,721.0,721.0
2023-06-08,710.75,710.75,710.75,710.75
2023-06-09,727.5,727.5,727.5,727.5
2023-06-12,723.5,723.5,723.5,723.5
2023-06-13,732.5,732.5,732.5,732.5
2023-06-14,736.5,736.5,736.5,736.5
2023-06-15,743.5,743.5,743.5,743.5
2023-06-16,770.5,770.5,770.5,770.5
2023-06-20,767.5,767.5,767.5,767.5
2023-06-21,758.25,758.25,758.25,758.25
2023-06-22,755.25,755.25,755.25,755.25
2023-06-23,757.25,757.25,757.25,757.25
2023-06-26,761.0,761.0,761.0,761.0
2023-06-27,760.0,760.0,760.0,760.0
2023-06-28,761.75,761.75,761.75,761.75
2023-06-29,761.75,761.75,761.75,761.75
2023-06-30,762.0,762.0,762.0,762.0
2023-07-03,852.75,852.75,852.75,852.75
2023-07-05,833.0,833.0,833.0,833.0
2023-07-06,839.5,839.5,839.5,839.5
2023-07-07,826.25,826.25,826.25,826.25
2023-07-10,840.5,840.5,840.5,840.5
2023-07-11,835.25,835.25,835.25,835.25
2023-07-12,842.0,842.0,842.0,842.0
2023-07-13,839.0,839.0,839.0,839.0
2023-07-14,849.75,849.75,849.75,849.75
2023-07-17,851.25,851.25,851.25,851.25
2023-07-18,849.0,849.0,849.0,849.0
2023-07-19,849.0,849.0,849.0,849.0
2023-07-20,861.25,861.25,861.25,861.25
2023-07-21,860.25,860.25,860.25,860.25
2023-07-24,867.5,867.5,867.5,867.5
2023-07-25,862.5,862.5,862.5,862.5
2023-07-26,862.5,862.5,862.5,862.5
2023-07-27,862.25,862.25,862.25,862.25
2023-07-28,861.5,861.5,861.5,861.5
2023-07-31,860.25,860.25,860.25,860.25
2023-08-01,859.5,859.5,859.5,859.5
2023-08-02,865.0,865.0,865.0,865.0
2023-08-03,843.25,843.25,843.25,843.25
2023-08-04,851.75,851.75,851.75,851.75
2023-08-07,836.0,836.0,836.0,836.0
2023-08-08,818.5,818.5,818.5,818.5
2023-08-09,830.5,830.5,830.5,830.5
2023-08-10,824.5,824.5,824.5,824.5
2023-08-11,822.75,822.75,822.75,822.75
2023-08-14,816.75,816.75,816.75,816.75
2023-08-15,825.25,825.25,825.25,825.25
2023-08-16,828.5,828.5,828.5,828.5
2023-08-17,835.75,835.75,835.75,835.75
2023-08-18,831.5,831.5,831.5,831.5
2023-08-21,836.0,836.0,836.0,836.0
2023-08-22,831.25,831.25,831.25,831.25
2023-08-23,829.0,829.0,829.0,829.0
2023-08-24,832.0,832.0,832.0,832.0
2023-08-25,834.75,834.75,834.75,834.75
2023-08-28,833.25,833.25,833.25,833.25
2023-08-29,833.75,833.75,833.75,833.75
2023-08-30,834.5,834.5,834.5,834.5
2023-08-31,869.0,869.0,869.0,869.0
2023-09-01,873.75,873.75,873.75,873.75
2023-09-05,843.5,843.5,843.5,843.5
2023-09-06,838.75,838.75,838.75,838.75
2023-09-07,829.75,829.75,829.75,829.75
2023-09-08,829.5,829.5,829.5,829.5
2023-09-11,813.25,813.25,813.25,813.25
2023-09-12,808.25,808.25,808.25,808.25
2023-09-13,813.25,813.25,813.25,813.25
2023-09-14,817.5,817.5,817.5,817.5
2023-09-15,819.0,819.0,819.0,819.0
2023-09-18,811.0,811.0,811.0,811.0
2023-09-19,810.75,810.75,810.75,810.75
2023-09-20,808.5,808.5,808.5,808.5
2023-09-21,805.75,805.75,805.75,805.75
2023-09-22,806.25,806.25,806.25,806.25
2023-09-25,807.75,807.75,807.75,807.75
2023-09-26,807.0,807.0,807.0,807.0
2023-09-27,808.25,808.25,808.25,808.25
2023-09-28,808.25,808.25,808.25,808.25
2023-09-29,808.5,808.5,808.5,808.5
2023-10-02,792.0,792.0,792.0,792.0
2023-10-03,789.5,789.5,789.5,789.5
2023-10-04,790.0,790.0,790.0,790.0
2023-10-05,771.75,771.75,771.75,771.75
2023-10-06,770.0,770.0,770.0,770.0
2023-10-09,770.75,770.75,770.75,770.75
2023-10-10,763.5,763.5,763.5,763.5
2023-10-11,760.5,760.5,760.5,760.5
2023-10-12,772.5,772.5,772.5,772.5
2023-10-13,783.75,783.75,783.75,783.75
2023-10-16,785.75,785.75,785.75,785.75
2023-10-17,786.5,786.5,786.5,786.5
2023-10-18,788.25,788.25,788.25,788.25
2023-10-19,782.5,782.5,782.5,782.5
2023-10-20,782.5,782.5,782.5,782.5
2023-10-23,781.25,781.25,781.25,781.25
2023-10-24,776.25,776.25,776.25,776.25
2023-10-25,777.0,777.0,777.0,777.0
2023-10-26,779.75,779.75,779.75,779.75
2023-10-27,780.5,780.5,780.5,780.5
2023-10-30,780.0,780.0,780.0,780.0
2023-10-31,779.5,779.5,779.5,779.5
2023-11-01,776.0,776.0,776.0,776.0
2023-11-02,798.0,798.0,798.0,798.0
2023-11-03,796.0,796.0,796.0,796.0
2023-11-06,804.75,804.75,804.75,804.75
2023-11-07,800.75,800.75,800.75,800.75
2023-11-08,807.75,807.75,807.75,807.75
2023-11-09,802.25,802.25,802.25,802.25
2023-11-10,806.0,806.0,806.0,806.0
2023-11-13,806.0,806.0,806.0,806.0
2023-11-14,820.5,820.5,820.5,820.5
2023-11-15,835.25,835.25,835.25,835.25
2023-11-16,828.75,828.75,828.75,828.75
2023-11-17,824.0,824.0,824.0,824.0
2023-11-20,825.0,825.0,825.0,825.0
2023-11-21,828.25,828.25,828.25,828.25
2023-11-22,829.5,829.5,829.5,829.5
2023-11-24,823.25,823.25,823.25,823.25
2023-11-27,823.5,823.5,823.5,823.5
2023-11-28,823.75,823.75,823.75,823.75
2023-11-29,823.75,823.75,823.75,823.75
2023-11-30,824.0,824.0,824.0,824.0
2023-12-01,831.25,831.25,831.25,831.25
2023-12-04,823.5,823.5,823.5,823.5
2023-12-05,814.25,814.25,814.25,814.25
2023-12-06,802.5,802.5,802.5,802.5
2023-12-07,799.25,799.25,799.25,799.25
2023-12-08,806.25,806.25,806.25,806.25
2023-12-11,804.25,804.25,804.25,804.25
2023-12-12,803.5,803.5,803.5,803.5
2023-12-13,793.0,793.0,793.0,793.0
2023-12-14,798.75,798.75,798.75,798.75
2023-12-15,798.25,798.25,798.25,798.25
2023-12-18,800.25,800.25,800.25,800.25
2023-12-19,801.0,801.0,801.0,801.0
2023-12-20,804.5,804.5,804.5,804.5
2023-12-21,802.25,802.25,802.25,802.25
2023-12-22,803.25,803.25,803.25,803.25
2023-12-26,804.75,804.75,804.75,804.75
2023-12-27,804.5,804.5,804.5,804.5
2023-12-28,804.25,804.25,804.25,804.25
2023-12-29,804.25,804.25,804.25,804.25
2024-01-02,795.75,795.75,795.75,795.75
2024-01-03,781.5,781.5,781.5,781.5
2024-01-04,787.0,787.0,787.0,787.0
2024-01-05,790.5,790.5,790.5,790.5
2024-01-08,793.0,793.0,793.0,793.0
2024-01-09,799.5,799.5,799.5,799.5
2024-01-10,802.0,802.0,802.0,802.0
2024-01-11,808.75,808.75,808.75,808.75
2024-01-12,816.5,816.5,816.5,816.5
2024-01-16,814.5,814.5,814.5,814.5
2024-01-17,807.5,807.5,807.5,807.5
2024-01-18,814.25,814.25,814.25,814.25
2024-01-19,817.75,817.75,817.75,817.75
2024-01-22,815.25,815.25,815.25,815.25
2024-01-23,817.0,817.0,817.0,817.0
2024-01-24,819.5,819.5,819.5,819.5
2024-01-25,819.5,819.5,819.5,819.5
2024-01-26,820.5,820.5,820.5,820.5
2024-01-29,818.25,818.25,818.25,818.25
2024-01-30,816.25,816.25,816.25,816.25
2024-01-31,815.75,815.75,815.75,815.75
2024-02-01,799.0,799.0,799.0,799.0
2024-02-02,791.25,791.25,791.25,791.25
2024-02-05,794.0,794.0,794.0,794.0
2024-02-06,800.0,800.0,800.0,800.0
2024-02-07,804.0,804.0,804.0,804.0
2024-02-08,803.75,803.75,803.75,803.75
2024-02-09,805.0,805.0,805.0,805.0
2024-02-12,805.0,805.0,805.0,805.0
2024-02-13,810.0,810.0,810.0,810.0
2024-02-14,813.75,813.75,813.75,813.75
2024-02-15,804.5,804.5,804.5,804.5
2024-02-16,803.25,803.25,803.25,803.25
2024-02-20,807.75,807.75,807.75,807.75
2024-02-21,807.5,807.5,807.5,807.5
2024-02-22,806.25,806.25,806.25,806.25
2024-02-23,807.75,807.75,807.75,807.75
2024-02-26,808.25,808.25,808.25,808.25
2024-02-27,810.0,810.0,810.0,810.0
2024-02-28,810.0,810.0,810.0,810.0
2024-02-29,810.75,810.75,810.75,810.75
2024-03-01,830.25,830.25,830.25,830.25
2024-03-04,826.5,826.5,826.5,826.5
2024-03-05,835.25,835.25,835.25,835.25
2024-03-06,849.75,849.75,849.75,849.75
2024-03-07,850.0,850.0,850.0,850.0
2024-03-08,856.0,856.0,856.0,856.0
2024-03-11,863.0,863.0,863.0,863.0
2024-03-12,865.25,865.25,865.25,865.25
2024-03-13,874.5,874.5,874.5,874.5
2024-03-14,886.25,886.25,886.25,886.25
2024-03-15,883.75,883.75,883.75,883.75
2024-03-18,884.0,884.0,884.0,884.0
2024-03-19,880.25,880.25,880.25,880.25
2024-03-20,884.75,884.75,884.75,884.75
2024-03-21,885.25,885.25,885.25,885.25
2024-03-22,880.5,880.5,880.5,880.5
2024-03-25,883.25,883.25,883.25,883.25
2024-03-26,883.25,883.25,883.25,883.25
2024-03-27,881.0,881.0,881.0,881.0
2024-03-28,881.0,881.0,881.0,881.0
2024-04-01,881.5,881.5,881.5,881.5
2024-04-02,898.25,898.25,898.25,898.25
2024-04-03,917.25,917.25,917.25,917.25
2024-04-04,918.0,918.0,918.0,918.0
2024-04-05,907.5,907.5,907.5,907.5
2024-04-08,898.0,898.0,898.0,898.0
2024-04-09,902.5,902.5,902.5,902.5
2024-04-10,902.5,902.5,902.5,902.5
2024-04-11,902.5,902.5,902.5,902.5
2024-04-12,895.25,895.25,895.25,895.25
2024-04-15,885.25,885.25,885.25,885.25
2024-04-16,876.25,876.25,876.25,876.25
2024-04-17,869.75,869.75,869.75,869.75
2024-04-18,868.0,868.0,868.0,868.0
2024-04-19,862.75,862.75,862.75,862.75
2024-04-22,864.25,864.25,864.25,864.25
2024-04-23,866.25,866.25,866.25,866.25
2024-04-24,864.75,864.75,864.75,864.75
2024-04-25,861.75,861.75,861.75,861.75
2024-04-26,862.5,862.5,862.5,862.5
2024-04-29,863.0,863.0,863.0,863.0
2024-04-30,862.0,862.0,862.0,862.0
2024-05-01,798.75,798.75,798.75,798.75
2024-05-02,804.5,804.5,804.5,804.5
2024-05-03,810.25,810.25,810.25,810.25
2024-05-06,812.75,812.75,812.75,812.75
2024-05-07,826.0,826.0,826.0,826.0
2024-05-08,814.25,814.25,814.25,814.25
2024-05-09,809.0,809.0,809.0,809.0
2024-05-10,805.75,805.75,805.75,805.75
2024-05-13,813.5,813.5,813.5,813.5
2024-05-14,808.75,808.75,808.75,808.75
2024-05-15,816.25,816.25,816.25,816.25
2024-05-16,812.75,812.75,812.75,812.75
2024-05-17,821.5,821.5,821.5,821.5
2024-05-20,824.0,824.0,824.0,824.0
2024-05-21,819.25,819.25,819.25,819.25
2024-05-22,819.25,819.25,819.25,819.25
2024-05-23,820.0,820.0,820.0,820.0
2024-05-24,819.0,819.0,819.0,819.0
2024-05-28,823.0,823.0,823.0,823.0
2024-05-29,825.0,825.0,825.0,825.0
2024-05-30,824.0,824.0,824.0,824.0
2024-05-31,825.0,825.0,825.0,825.0
2024-06-03,866.0,866.0,866.0,866.0
2024-06-04,835.25,835.25,835.25,835.25
2024-06-05,831.25,831.25,831.25,831.25
2024-06-06,842.5,842.5,842.5,842.5
2024-06-07,844.75,844.75,844.75,844.75
2024-06-10,833.0,833.0,833.0,833.0
2024-06-11,833.25,833.25,833.25,833.25
2024-06-12,838.75,838.75,838.75,838.75
2024-06-13,836.0,836.0,836.0,836.0
2024-06-14,835.25,835.25,835.25,835.25
2024-06-17,835.25,835.25,835.25,835.25
2024-06-18,830.5,830.5,830.5,830.5
2024-06-20,837.5,837.5,837.5,837.5
2024-06-21,833.0,833.0,833.0,833.0
2024-06-24,833.0,833.0,833.0,833.0
2024-06-25,831.25,831.25,831.25,831.25
2024-06-26,832.0,832.0,832.0,832.0
2024-06-27,832.0,832.0,832.0,832.0
2024-06-28,832.25,832.25,832.25,832.25
2024-07-01,842.25,842.25,842.25,842.25
2024-07-02,863.25,863.25,863.25,863.25
2024-07-03,861.75,861.75,861.75,861.75
2024-07-05,857.0,857.0,857.0,857.0
2024-07-08,857.0,857.0,857.0,857.0
2024-07-09,843.5,843.5,843.5,843.5
2024-07-10,836.75,836.75,836.75,836.75
2024-07-11,840.25,840.25,840.25,840.25
2024-07-12,840.25,840.25,840.25,840.25
2024-07-15,837.5,837.5,837.5,837.5
2024-07-16,843.25,843.25,843.25,843.25
2024-07-17,844.25,844.25,844.25,844.25
2024-07-18,845.5,845.5,845.5,845.5
2024-07-19,846.75,846.75,846.75,846.75
2024-07-22,848.0,848.0,848.0,848.0
2024-07-23,847.5,847.5,847.5,847.5
2024-07-24,845.0,845.0,845.0,845.0
2024-07-25,844.75,844.75,844.75,844.75
2024-07-26,846.0,846.0,846.0,846.0
2024-07-29,845.5,845.5,845.5,845.5
2024-07-30,845.75,845.75,845.75,845.75
2024-07-31,846.0,846.0,846.0,846.0
2024-08-01,845.75,845.75,845.75,845.75
2024-08-02,858.25,858.25,858.25,858.25
2024-08-05,852.5,852.5,852.5,852.5
2024-08-06,830.0,830.0,830.0,830.0
2024-08-07,825.25,825.25,825.25,825.25
2024-08-08,829.25,829.25,829.25,829.25
2024-08-09,837.75,837.75,837.75,837.75
2024-08-12,833.5,833.5,833.5,833.5
2024-08-13,829.5,829.5,829.5,829.5
2024-08-14,835.75,835.75,835.75,835.75
2024-08-15,836.75,836.75,836.75,836.75
2024-08-16,833.75,833.75,833.75,833.75
2024-08-19,843.75,843.75,843.75,843.75
2024-08-20,844.0,844.0,844.0,844.0
2024-08-21,847.0,847.0,847.0,847.0
2024-08-22,852.0,852.0,852.0,852.0
2024-08-23,854.25,854.25,854.25,854.25
2024-08-26,859.0,859.0,859.0,859.0
2024-08-27,858.5,858.5,858.5,858.5
2024-08-28,858.75,858.75,858.75,858.75
2024-08-29,859.5,859.5,859.5,859.5
2024-08-30,860.0,860.0,860.0,860.0
2024-09-03,895.5,895.5,895.5,895.5
2024-09-04,891.25,891.25,891.25,891.25
2024-09-05,900.25,900.25,900.25,900.25
2024-09-06,897.0,897.0,897.0,897.0
2024-09-09,893.5,893.5,893.5,893.5
2024-09-10,888.25,888.25,888.25,888.25
2024-09-11,894.5,894.5,894.5,894.5
2024-09-12,888.25,888.25,888.25,888.25
2024-09-13,885.75,885.75,885.75,885.75
2024-09-16,885.75,885.75,885.75,885.75
2024-09-17,884.0,884.0,884.0,884.0
2024-09-18,898.75,898.75,898.75,898.75
2024-09-19,900.75,900.75,900.75,900.75
2024-09-20,911.75,911.75,911.75,911.75
2024-09-23,912.75,912.75,912.75,912.75
2024-09-24,915.0,915.0,915.0,915.0
2024-09-25,920.5,920.5,920.5,920.5
2024-09-26,923.75,923.75,923.75,923.75
2024-09-27,921.75,921.75,921.75,921.75
2024-09-30,921.25,921.25,921.25,921.25
2024-10-01,957.25,957.25,957.25,957.25
2024-10-02,998.25,998.25,998.25,998.25
2024-10-03,986.5,986.5,986.5,986.5
2024-10-04,1005.25,1005.25,1005.25,1005.25
2024-10-07,1007.25,1007.25,1007.25,1007.25
2024-10-08,991.75,991.75,991.75,991.75
2024-10-09,989.25,989.25,989.25,989.25
2024-10-10,985.25,985.25,985.25,985.25
2024-10-11,1004.0,1004.0,1004.0,1004.0
2024-10-14,998.25,998.25,998.25,998.25
2024-10-15,991.75,991.75,991.75,991.75
2024-10-16,1000.25,1000.25,1000.25,1000.25
2024-10-17,996.5,996.5,996.5,996.5
2024-10-18,994.25,994.25,994.25,994.25
2024-10-21,998.5,998.5,998.5,998.5
2024-10-22,1003.0,1003.0,1003.0,1003.0
2024-10-23,1008.25,1008.25,1008.25,1008.25
2024-10-24,1013.75,1013.75,1013.75,1013.75
2024-10-25,1011.0,1011.0,1011.0,1011.0
2024-10-28,1010.5,1010.5,1010.5,1010.5
2024-10-29,1012.5,1012.5,1012.5,1012.5
2024-10-30,1013.0,1013.0,1013.0,1013.0
2024-10-31,1013.0,1013.0,1013.0,1013.0
2024-11-01,1106.25,1106.25,1106.25,1106.25
2024-11-04,1113.0,1113.0,1113.0,1113.0
2024-11-05,1094.5,1094.5,1094.5,1094.5
2024-11-06,1114.75,1114.75,1114.75,1114.75
2024-11-07,1113.75,1113.75,1113.75,1113.75
2024-11-08,1145.0,1145.0,1145.0,1145.0
2024-11-11,1157.75,1157.75,1157.75,1157.75
2024-11-12,1127.0,1127.0,1127.0,1127.0
2024-11-13,1119.0,1119.0,1119.0,1119.0
2024-11-14,1113.25,1113.25,1113.25,1113.25
2024-11-15,1128.0,1128.0,1128.0,1128.0
2024-11-18,1113.5,1113.5,1113.5,1113.5
2024-11-19,1115.75,1115.75,1115.75,1115.75
2024-11-20,1106.5,1106.5,1106.5,1106.5
2024-11-21,1103.25,1103.25,1103.25,1103.25
2024-11-22,1094.75,1094.75,1094.75,1094.75
2024-11-25,1098.0,1098.0,1098.0,1098.0
2024-11-26,1099.75,1099.75,1099.75,1099.75
2024-11-27,1102.0,1102.0,1102.0,1102.0
2024-11-29,1106.0,1106.0,1106.0,1106.0
2024-12-02,1095.25,1095.25,1095.25,1095.25
2024-12-03,1116.75,1116.75,1116.75,1116.75
2024-12-04,1108.25,1108.25,1108.25,1108.25
2024-12-05,1135.25,1135.25,1135.25,1135.25
2024-12-06,1137.0,1137.0,1137.0,1137.0
2024-12-09,1137.5,1137.5,1137.5,1137.5
2024-12-10,1108.75,1108.75,1108.75,1108.75
2024-12-11,1096.75,1096.75,1096.75,1096.75
2024-12-12,1107.75,1107.75,1107.75,1107.75
2024-12-13,1103.5,1103.5,1103.5,1103.5
2024-12-16,1096.0,1096.0,1096.0,1096.0
2024-12-17,1093.5,1093.5,1093.5,1093.5
2024-12-18,1072.25,1072.25,1072.25,1072.25
2024-12-19,1067.75,1067.75,1067.75,1067.75
2024-12-20,1062.0,1062.0,1062.0,1062.0
2024-12-23,1070.0,1070.0,1070.0,1070.0
2024-12-24,1071.0,1071.0,1071.0,1071.0
2024-12-26,1071.5,1071.5,1071.5,1071.5
2024-12-27,1073.75,1073.75,1073.75,1073.75
2024-12-30,1072.25,1072.25,1072.25,1072.25
2024-12-31,1071.25,1071.25,1071.25,1071.25
2025-01-02,954.25,954.25,954.25,954.25
2025-01-03,959.0,959.0,959.0,959.0
2025-01-06,952.0,952.0,952.0,952.0
2025-01-07,957.0,957.0,957.0,957.0
2025-01-08,957.75,957.75,957.75,957.75
2025-01-09,945.5,945.5,945.5,945.5
2025-01-10,961.75,961.75,961.75,961.75
2025-01-13,975.0,975.0,975.0,975.0
2025-01-14,968.75,968.75,968.75,968.75
2025-01-15,960.0,960.0,960.0,960.0
2025-01-16,952.0,952.0,952.0,952.0
2025-01-17,951.75,951.75,951.75,951.75
2025-01-21,959.5,959.5,959.5,959.5
2025-01-22,957.25,957.25,957.25,957.25
2025-01-23,956.75,956.75,956.75,956.75
2025-01-24,958.5,958.5,958.5,958.5
2025-01-27,960.25,960.25,960.25,960.25
2025-01-28,961.25,961.25,961.25,961.25
2025-01-29,961.25,961.25,961.25,961.25
2025-01-30,961.25,961.25,961.25,961.25
2025-01-31,961.25,961.25,961.25,961.25
2025-02-03,960.5,960.5,960.5,960.5
2025-02-04,957.25,957.25,957.25,957.25
2025-02-05,967.75,967.75,967.75,967.75
2025-02-06,981.5,981.5,981.5,981.5
2025-02-07,995.75,995.75,995.75,995.75
2025-02-10,1006.25,1006.25,1006.25,1006.25
2025-02-11,1006.25,1006.25,1006.25,1006.25
2025-02-12,1010.5,1010.5,1010.5,1010.5
2025-02-13,1000.5,1000.5,1000.5,1000.5
2025-02-14,1009.5,1009.5,1009.5,1009.5
2025-02-18,1010.25,1010.25,1010.25,1010.25
2025-02-19,1025.75,1025.75,1025.75,1025.75
2025-02-20,1024.25,1024.25,1024.25,1024.25
2025-02-21,1027.0,1027.0,1027.0,1027.0
2025-02-24,1021.75,1021.75,1021.75,1021.75
2025-02-25,1021.5,1021.5,1021.5,1021.5
2025-02-26,1023.0,1023.0,1023.0,1023.0
2025-02-27,1020.0,1020.0,1020.0,1020.0
2025-02-28,1020.25,1020.25,1020.25,1020.25
2025-03-03,994.5,994.5,994.5,994.5
2025-03-04,965.75,965.75,965.75,965.75
2025-03-05,982.5,982.5,982.5,982.5
2025-03-06,999.75,999.75,999.75,999.75
2025-03-07,1020.75,1020.75,1020.75,1020.75
2025-03-10,1002.75,1002.75,1002.75,1002.75
2025-03-11,998.5,998.5,998.5,998.5
2025-03-12,999.25,999.25,999.25,999.25
2025-03-13,1007.0,1007.0,1007.0,1007.0
2025-03-14,1009.75,1009.75,1009.75,1009.75
2025-03-17,998.5,998.5,998.5,998.5
2025-03-18,998.5,998.5,998.5,998.5
2025-03-19,1001.75,1001.75,1001.75,1001.75
2025-03-20,1004.0,1004.0,1004.0,1004.0
2025-03-21,1002.0,1002.0,1002.0,1002.0
2025-03-24,997.0,997.0,997.0,997.0
2025-03-25,994.0,994.0,994.0,994.0
2025-03-26,994.75,994.75,994.75,994.75
2025-03-27,996.0,996.0,996.0,996.0
2025-03-28,997.25,997.25,997.25,997.25
2025-03-31,997.25,997.25,997.25,997.25
2025-04-01,985.5,985.5,985.5,985.5
2025-04-02,1002.5,1002.5,1002.5,1002.5
2025-04-03,992.25,992.25,992.25,992.25
2025-04-04,969.5,969.5,969.5,969.5
2025-04-07,934.75,934.75,934.75,934.75
2025-04-08,932.75,932.75,932.75,932.75
2025-04-09,924.0,924.0,924.0,924.0
2025-04-10,936.75,936.75,936.75,936.75
2025-04-11,945.0,945.0,945.0,945.0
2025-04-14,941.25,941.25,941.25,941.25
2025-04-15,935.25,935.25,935.25,935.25
2025-04-16,931.0,931.0,931.0,931.0
2025-04-17,930.75,930.75,930.75,930.75
2025-04-21,923.5,923.5,923.5,923.5
2025-04-22,928.5,928.5,928.5,928.5
2025-04-23,931.5,931.5,931.5,931.5
2025-04-24,932.25,932.25,932.25,932.25
2025-04-25,933.75,933.75,933.75,933.75
2025-04-28,930.75,930.75,930.75,930.75
2025-04-29,931.25,931.25,931.25,931.25
2025-04-30,931.0,931.0,931.0,931.0
2025-05-01,914.5,914.5,914.5,914.5
2025-05-02,901.75,901.75,901.75,901.75
2025-05-05,909.75,909.75,909.75,909.75
2025-05-06,896.5,896.5,896.5,896.5
2025-05-07,884.25,884.25,884.25,884.25
2025-05-08,894.75,894.75,894.75,894.75
2025-05-09,888.75,888.75,888.75,888.75
2025-05-12,888.75,888.75,888.75,888.75
2025-05-13,897.5,897.5,897.5,897.5
2025-05-14,903.75,903.75,903.75,903.75
2025-05-15,898.0,898.0,898.0,898.0
2025-05-16,895.25,895.25,895.25,895.25
2025-05-19,903.25,903.25,903.25,903.25
2025-05-20,903.5,903.5,903.5,903.5
2025-05-21,903.25,903.25,903.25,903.25
2025-05-22,898.75,898.75,898.75,898.75
2025-05-23,889.25,889.25,889.25,889.25
2025-05-27,904.0,904.0,904.0,904.0
2025-05-28,903.75,903.75,903.75,903.75
2025-05-29,902.0,902.0,902.0,902.0
2025-05-30,904.0,904.0,904.0,904.0
2025-06-02,911.5,911.5,911.5,911.5
2025-06-03,925.5,925.5,925.5,925.5
2025-06-04,928.25,928.25,928.25,928.25
2025-06-05,920.0,920.0,920.0,920.0
2025-06-06,924.5,924.5,924.5,924.5
2025-06-09,924.5,924.5,924.5,924.5
2025-06-10,916.0,916.0,916.0,916.0
2025-06-11,911.25,911.25,911.25,911.25
2025-06-12,912.5,912.5,912.5,912.5
2025-06-13,922.75,922.75,922.75,922.75
2025-06-16,943.5,943.5,943.5,943.5
2025-06-17,940.75,940.75,940.75,940.75
2025-06-18,943.5,943.5,943.5,943.5
2025-06-20,944.5,944.5,944.5,944.5
2025-06-23,943.25,943.25,943.25,943.25
2025-06-24,937.5,937.5,937.5,937.5
2025-06-25,937.5,937.5,937.5,937.5
2025-06-26,938.75,938.75,938.75,938.75
2025-06-27,938.75,938.75,938.75,938.75
2025-06-30,938.5,938.5,938.5,938.5
2025-07-01,948.25,948.25,948.25,948.25
2025-07-02,963.5,963.5,963.5,963.5
2025-07-03,968.5,968.5,968.5,968.5
2025-07-07,961.75,961.75,961.75,961.75
2025-07-08,974.5,974.5,974.5,974.5
2025-07-09,974.0,974.0,974.0,974.0
2025-07-10,972.5,972.5,972.5,972.5
2025-07-11,976.25,976.25,976.25,976.25
2025-07-14,985.25,985.25,985.25,985.25
2025-07-15,975.0,975.0,975.0,975.0
2025-07-16,982.75,982.75,982.75,982.75
2025-07-17,981.75,981.75,981.75,981.75
2025-07-18,992.75,992.75,992.75,992.75
2025-07-21,985.0,985.0,985.0,985.0
2025-07-22,988.75,988.75,988.75,988.75
2025-07-23,993.0,993.0,993.0,993.0
2025-07-24,994.25,994.25,994.25,994.25
2025-07-25,991.25,991.25,991.25,991.25
2025-07-28,990.0,990.0,990.0,990.0
2025-07-29,990.0,990.0,990.0,990.0
2025-07-30,990.5,990.5,990.5,990.5
2025-07-31,989.75,989.75,989.75,989.75
2025-08-01,994.25,994.25,994.25,994.25
2025-08-04,989.0,989.0,989.0,989.0
2025-08-05,1012.75,1012.75,1012.75,1012.75
2025-08-06,1009.0,1009.0,1009.0,1009.0
2025-08-07,1004.5,1004.5,1004.5,1004.5
2025-08-08,1006.0,1006.0,1006.0,1006.0
2025-08-11,1027.25,1027.25,1027.25,1027.25
2025-08-12,1031.75,1031.75,1031.75,1031.75
2025-08-13,1039.25,1039.25,1039.25,1039.25
2025-08-14,1038.5,1038.5,1038.5,1038.5
2025-08-15,1044.5,1044.5,1044.5,1044.5
2025-08-18,1049.5,1049.5,1049.5,1049.5
2025-08-19,1045.25,1045.25,1045.25,1045.25
2025-08-20,1043.0,1043.0,1043.0,1043.0
2025-08-21,1040.5,1040.5,1040.5,1040.5
2025-08-22,1044.75,1044.75,1044.75,1044.75
2025-08-25,1044.25,1044.25,1044.25,1044.25
2025-08-26,1042.75,1042.75,1042.75,1042.75
2025-08-27,1043.0,1043.0,1043.0,1043.0
2025-08-28,1042.0,1042.0,1042.0,1042.0
2025-08-29,1041.25,1041.25,1041.25,1041.25
2025-09-02,1061.25,1061.25,1061.25,1061.25
2025-09-03,1054.5,1054.5,1054.5,1054.5
2025-09-04,1056.0,1056.0,1056.0,1056.0
2025-09-05,1056.0,1056.0,1056.0,1056.0
2025-09-08,1065.75,1065.75,1065.75,1065.75
2025-09-09,1066.75,1066.75,1066.75,1066.75
2025-09-10,1054.5,1054.5,1054.5,1054.5
2025-09-11,1059.0,1059.0,1059.0,1059.0
2025-09-12,1059.0,1059.0,1059.0,1059.0
2025-09-15,1059.0,1059.0,1059.0,1059.0
2025-09-16,1059.0,1059.0,1059.0,1059.0
2025-09-17,1062.5,1062.5,1062.5,1062.5
2025-09-18,1057.0,1057.0,1057.0,1057.0
2025-09-19,1054.75,1054.75,1054.75,1054.75
2025-09-22,1056.0,1056.0,1056.0,1056.0
2025-09-23,1049.25,1049.25,1049.25,1049.25
2025-09-24,1051.5,1051.5,1051.5,1051.5
2025-09-25,1053.75,1053.75,1053.75,1053.75
2025-09-26,1051.75,1051.75,1051.75,1051.75
2025-09-29,1051.75,1051.75,1051.75,1051.75
2025-09-30,1051.25,1051.25,1051.25,1051.25
2025-10-01,1044.5,1044.5,1044.5,1044.5
2025-10-02,1058.25,1058.25,1058.25,1058.25
2025-10-03,1055.5,1055.5,1055.5,1055.5
2025-10-06,1054.75,1054.75,1054.75,1054.75
2025-10-07,1061.0,1061.0,1061.0,1061.0
2025-10-08,1073.5,1073.5,1073.5,1073.5
2025-10-09,1083.25,1083.25,1083.25,1083.25
2025-10-10,1074.25,1074.25,1074.25,1074.25
2025-10-13,1067.5,1067.5,1067.5,1067.5
2025-10-14,1063.0,1063.0,1063.0,1063.0
2025-10-15,1065.5,1065.5,1065.5,1065.5
2025-10-16,1066.25,1066.25,1066.25,1066.25
2025-10-17,1065.5,1065.5,1065.5,1065.5
2025-10-20,1065.5,1065.5,1065.5,1065.5
2025-10-21,1064.75,1064.75,1064.75,1064.75
2025-10-22,1060.25,1060.25,1060.25,1060.25
2025-10-23,1061.25,1061.25,1061.25,1061.25
2025-10-24,1058.5,1058.5,1058.5,1058.5
2025-10-27,1056.25,1056.25,1056.25,1056.25
2025-10-28,1054.5,1054.5,1054.5,1054.5
2025-10-29,1052.75,1052.75,1052.75,1052.75
2025-10-30,1052.75,1052.75,1052.75,1052.75
2025-10-31,1052.25,1052.25,1052.25,1052.25
2025-11-03,982.75,982.75,982.75,982.75
2025-11-04,988.5,988.5,988.5,988.5
2025-11-05,983.25,983.25,983.25,983.25
2025-11-06,993.5,993.5,993.5,993.5
2025-11-07,987.25,987.25,987.25,987.25
2025-11-10,989.5,989.5,989.5,989.5
2025-11-11,995.25,995.25,995.25,995.25
2025-11-12,998.25,998.25,998.25,998.25
2025-11-13,997.75,997.75,997.75,997.75
2025-11-14,996.5,996.5,996.5,996.5
2025-11-17,995.75,995.75,995.75,995.75
2025-11-18,999.25,999.25,999.25,999.25
2025-11-19,1002.75,1002.75,1002.75,1002.75
2025-11-20,995.75,995.75,995.75,995.75
2025-11-21,990.75,990.75,990.75,990.75
2025-11-24,990.0,990.0,990.0,990.0
2025-11-25,987.5,987.5,987.5,987.5
2025-11-26,988.75,988.75,988.75,988.75
2025-11-28,990.5,990.5,990.5,990.5
2025-12-01,992.0,992.0,992.0,992.0
2025-12-02,1007.5,1007.5,1007.5,1007.5
2025-12-03,1006.75,1006.75,1006.75,1006.75
2025-12-04,999.25,999.25,999.25,999.25
2025-12-05,1009.25,1009.25,1009.25,1009.25
2025-12-08,999.75,999.75,999.75,999.75
2025-12-09,999.75,999.75,999.75,999.75
2025-12-10,993.0,993.0,993.0,993.0
2025-12-11,994.25,994.25,994.25,994.25
2025-12-12,988.5,988.5,988.5,988.5
2025-12-15,987.5,987.5,987.5,987.5
2025-12-16,982.25,982.25,982.25,982.25
2025-12-17,982.5,982.5,982.5,982.5
2025-12-18,983.75,983.75,983.75,983.75
2025-12-19,977.25,977.25,977.25,977.25
2025-12-22,984.0,984.0,984.0,984.0
2025-12-23,988.0,988.0,988.0,988.0
2025-12-24,988.75,988.75,988.75,988.75
2025-12-26,992.0,992.0,992.0,992.0
2025-12-29,990.0,990.0,990.0,990.0
2025-12-30,990.5,990.5,990.5,990.5
2025-12-31,990.25,990.25,990.25,990.25
2026-01-02,984.75,984.75,984.75,984.75
2026-01-05,988.25,988.25,988.25,988.25
2026-01-06,984.75,984.75,984.75,984.75
2026-01-07,995.0,995.0,995.0,995.0
2026-01-08,995.75,995.75,995.75,995.75
2026-01-09,993.5,993.5,993.5,993.5
2026-01-12,1002.5,1002.5,1002.5,1002.5
2026-01-13,1000.5,1000.5,1000.5,1000.5
2026-01-14,997.25,997.25,997.25,997.25
2026-01-15,988.5,988.5,988.5,988.5
2026-01-16,997.75,997.75,997.75,997.75
2026-01-20,1001.0,1001.0,1001.0,1001.0
2026-01-21,1006.25,1006.25,1006.25,1006.25
2026-01-22,1010.75,1010.75,1010.75,1010.75
2026-01-23,1011.25,1011.25,1011.25,1011.25
2026-01-26,1017.0,1017.0,1017.0,1017.0
2026-01-27,1019.25,1019.25,1019.25,1019.25
2026-01-28,1021.25,1021.25,1021.25,1021.25
2026-01-29,1022.25,1022.25,1022.25,1022.25
2026-01-30,1021.0,1021.0,1021.0,1021.0
2026-02-02,1074.0,1074.0,1074.0,1074.0
2026-02-03,1067.5,1067.5,1067.5,1067.5
2026-02-04,1076.0,1076.0,1076.0,1076.0
2026-02-05,1068.25,1068.25,1068.25,1068.25
2026-02-06,1054.5,1054.5,1054.5,1054.5
2026-02-09,1060.75,1060.75,1060.75,1060.75
2026-02-10,1050.0,1050.0,1050.0,1050.0
2026-02-11,1045.25,1045.25,1045.25,1045.25
2026-02-12,1043.5,1043.5,1043.5,1043.5
2026-02-13,1044.75,1044.75,1044.75,1044.75
2026-02-17,1041.5,1041.5,1041.5,1041.5
2026-02-18,1041.5,1041.5,1041.5,1041.5
2026-02-19,1050.5,1050.5,1050.5,1050.5
2026-02-20,1048.75,1048.75,1048.75,1048.75
2026-02-23,1049.75,1049.75,1049.75,1049.75
2026-02-24,1047.5,1047.5,1047.5,1047.5
2026-02-25,1047.5,1047.5,1047.5,1047.5
2026-02-26,1046.25,1046.25,1046.25,1046.25
2026-02-27,1046.75,1046.75,1046.75,1046.75
2026-03-02,1061.75,1061.75,1061.75,1061.75
2026-03-03,1066.5,1066.5,1066.5,1066.5
2026-03-04,1060.75,1060.75,1060.75,1060.75
2026-03-05,1068.75,1068.75,1068.75,1068.75
2026-03-06,1099.0,1099.0,1099.0,1099.0
2026-03-09,1131.25,1131.25,1131.25,1131.25
2026-03-10,1113.75,1113.75,1113.75,1113.75
2026-03-11,1127.0,1127.0,1127.0,1127.0
2026-03-12,1133.0,1133.0,1133.0,1133.0
2026-03-13,1138.25,1138.25,1138.25,1138.25
2026-03-16,1148.5,1148.5,1148.5,1148.5
2026-03-17,1140.75,1140.75,1140.75,1140.75
2026-03-18,1136.75,1136.75,1136.75,1136.75
2026-03-19,1142.25,1142.25,1142.25,1142.25
2026-03-20,1142.25,1142.25,1142.25,1142.25
2026-03-23,1142.25,1142.25,1142.25,1142.25
2026-03-24,1134.25,1134.25,1134.25,1134.25
2026-03-25,1131.0,1131.0,1131.0,1131.0
2026-03-26,1133.5,1133.5,1133.5,1133.5
2026-03-27,1134.5,1134.5,1134.5,1134.5
2026-03-30,1137.5,1137.5,1137.5,1137.5
2026-03-31,1138.0,1138.0,1138.0,1138.0
2026-04-01,1182.75,1182.75,1182.75,1182.75
2026-04-02,1192.0,1192.0,1192.0,1192.0
2026-04-03,1192.0,1192.0,1192.0,1192.0
2026-04-06,1193.5,1193.5,1193.5,1193.5
2026-04-07,1183.5,1183.5,1183.5,1183.5
2026-04-08,1159.0,1159.0,1159.0,1159.0
2026-04-09,1171.25,1171.25,1171.25,1171.25
2026-04-10,1156.25,1156.25,1156.25,1156.25
2026-04-13,1159.0,1159.0,1159.0,1159.0
2026-04-14,1149.75,1149.75,1149.75,1149.75
2026-04-15,1152.0,1152.0,1152.0,1152.0
2026-04-16,1151.25,1151.25,1151.25,1151.25
2026-04-17,1145.25,1145.25,1145.25,1145.25
2026-04-20,1150.75,1150.75,1150.75,1150.75
2026-04-21,1156.5,1156.5,1156.5,1156.5
2026-04-22,1161.75,1161.75,1161.75,1161.75
2026-04-23,1157.5,1157.5,1157.5,1157.5
2026-04-24,1158.0,1158.0,1158.0,1158.0
2026-04-27,1156.25,1156.25,1156.25,1156.25
2026-04-28,1156.25,1156.25,1156.25,1156.25
2026-04-29,1157.25,1157.25,1157.25,1157.25
2026-04-30,1157.0,1157.0,1157.0,1157.0
2026-05-01,1154.5,1154.5,1154.5,1154.5
2026-05-04,1170.25,1170.25,1170.25,1170.25
2026-05-05,1188.5,1188.5,1188.5,1188.5
2026-05-06,1162.5,1162.5,1162.5,1162.5
2026-05-07,1164.25,1164.25,1164.25,1164.25
2026-05-08,1155.75,1155.75,1155.75,1155.75
2026-05-11,1156.5,1156.5,1156.5,1156.5
2026-05-12,1149.75,1149.75,1149.75,1149.75
2026-05-13,1142.75,1142.75,1142.75,1142.75
2026-05-14,1136.0,1136.0,1136.0,1136.0
2026-05-15,1137.5,1137.5,1137.5,1137.5
2026-05-18,1144.5,1144.5,1144.5,1144.5
2026-05-19,1154.5,1154.5,1154.5,1154.5
2026-05-20,1150.0,1150.0,1150.0,1150.0
2026-05-21,1141.25,1141.25,1141.25,1141.25
2026-05-22,1143.5,1143.5,1143.5,1143.5
2026-05-26,1143.75,1143.75,1143.75,1143.75
2026-05-27,1143.75,1143.75,1143.75,1143.75
2026-05-28,1144.5,1144.5,1144.5,1144.5
2026-05-29,1144.5,1144.5,1144.5,1144.5
2026-06-01,1147.75,1147.75,1147.75,1147.75
2026-06-02,1147.75,1147.75,1147.75,1147.75
2026-06-03,1178.75,1178.75,1178.75,1178.75
2026-06-04,1151.5,1151.5,1151.5,1151.5
2026-06-05,1136.75,1136.75,1136.75,1136.75
2026-06-08,1133.0,1133.0,1133.0,1133.0
2026-06-09,1126.0,1126.0,1126.0,1126.0
2026-06-10,1127.25,1127.25,1127.25,1127.25
2026-06-11,1128.5,1128.5,1128.5,1128.5
2026-06-12,1118.0,1118.0,1118.0,1118.0
2026-06-15,1116.0,1116.0,1116.0,1116.0
2026-06-16,1126.25,,,
2026-06-17,1126.25,,,
2026-06-18,1122.25,,,
